Name,Gender,Race
Kentaro Inui,male,A
Jing Jiang,male,A
Vincent Ng,male,A
Xiaojun Wan,male,A
Carolin Lawrence,female,W_NL
Bhushan Kotnis,male,A
Mathias Niepert,male,W_NL
Sarah Wiegreffe,female,W_NL
Yuval Pinter,male,W_NL
David Lowell,male,W_NL
Zachary C. Lipton,male,W_NL
Byron C. Wallace,male,B_NL
Matan Ben Noach,male,A
Yoav Goldberg,male,W_NL
Matthew E. Peters,male,W_NL
Mark Neumann,male,W_NL
Robert Logan,male,W_NL
Roy Schwartz,male,W_NL
Vidur Joshi,male,A
Sameer Singh,male,A
Noah A. Smith,male,W_NL
Kawin Ethayarajh,male,A
Philippa Shoemark,female,B_NL
Farhana Ferdousi Liza,female,A
Dong Nguyen,male,A
Scott Hale,male,B_NL
Barbara McGillivray,female,W_NL
Vitalii Zhelezniak,male,A
April Shen,female,A
Daniel Busbridge,male,W_NL
Aleksandar Savkov,male,A
Nils Hammerla,male,W_NL
Rocco Tripodi,male,W_NL
Roberto Navigli,male,HL
Ryuichi Takanobu,female,A
Hanlin Zhu,male,A
Minlie Huang,female,A
Chunyuan Yuan,male,A
Wei Zhou,male,A
Mingming Li,male,A
Shangwen Lv,male,A
Fuqing Zhu,female,A
Jizhong Han,male,A
Songlin Hu,male,A
Zhaojiang Lin,male,A
Andrea Madotto,female,HL
Jamin Shin,male,A
Peng Xu,male,A
Pascale Fung,female,A
Libo Qin,male,A
Yijia Liu,female,A
Wanxiang Che,male,A
Haoyang Wen,male,A
Yangming Li,male,A
Ting Liu,female,A
Mingyang Zhou,male,A
Josh Arnold,male,W_NL
Zhou Yu,male,A
Deepanway Ghosal,male,A
Navonil Majumder,male,A
Soujanya Poria,female,A
Niyati Chhaya,female,A
Alexander Gelbukh,male,A
Peixiang Zhong,male,A
Di Wang,female,A
Chunyan Miao,male,A
Yang Yang,male,A
Deyu Zhou,male,A
Yulan He,female,A
Meng Zhang,male,A
Jianmo Ni,male,A
Jiacheng Li,male,A
Julian McAuley,male,W_NL
Kaisong Song,male,A
Lidong Bing,male,A
Wei Gao,male,A
Jun Lin,male,A
Lujun Zhao,male,A
Jiancheng Wang,male,A
Changlong Sun,male,A
Xiaozhong Liu,male,A
Qiong Zhang,female,A
Linfeng Song,male,A
Yue Zhang,female,A
Daniel Gildea,male,W_NL
Mo Yu,male,A
Zhiguo Wang,male,A
Jinsong Su,male,A
Ruidong Wu,male,A
Yuan Yao,male,A
Xu Han,male,A
Ruobing Xie,female,A
Zhiyuan Liu,male,A
Fen Lin,male,A
Leyu Lin,male,A
Maosong Sun,male,A
Pengfei Li,male,A
Kezhi Mao,female,A
Xuefeng Yang,male,A
Qi Li,male,A
Yuting Wu,female,A
Xiao Liu,female,A
Yansong Feng,male,A
Zheng Wang,male,A
Dongyan Zhao,male,A
Zihao Wang,male,A
Kwunping Lai,female,A
Piji Li,female,A
Lidong Bing,male,A
Wai Lam,male,A
Yixin Cao,male,A
Zikun Hu,male,A
Tat-seng Chua,female,A
Zhiyuan Liu,male,A
Heng Ji,male,A
Xiyuan Yang,male,A
Xiaotao Gu,male,A
Sheng Lin,female,A
Siliang Tang,male,A
Yueting Zhuang,female,A
Fei Wu,male,A
Zhigang Chen,male,A
Guoping Hu,male,A
Xiang Ren,male,A
Rui Wang,male,A
Deyu Zhou,male,A
Yulan He,female,A
Lingyong Yan,male,A
Xianpei Han,male,A
Le Sun,female,A
Ben He,male,A
Tianwen Jiang,male,A
Tong Zhao,male,A
Bing Qin,male,A
Ting Liu,female,A
Nitesh Chawla,male,A
Meng Jiang,male,A
Ananya Subburathinam,female,A
Di Lu,female,A
Heng Ji,male,A
Jonathan May,male,W_NL
Shih-Fu Chang,female,A
Avirup Sil,male,A
Clare Voss,female,W_NL
Junfan Chen,male,A
Richong Zhang,male,A
Yongyi Mao,male,A
Hongyu Guo,female,A
Jie Xu,male,A
Shun Zheng,male,A
Wei Cao,male,A
Wei Xu,male,A
Jiang Bian,male,A
Ning Ding,male,A
Ziran Li,male,A
Zhiyuan Liu,male,A
Haitao Zheng,male,A
Zibo Lin,male,A
Changmeng Zheng,male,A
Yi Cai,male,A
Jingyun Xu,female,A
Ho-fung Leung,male,A
Guandong Xu,male,A
Xiangrong Zeng,male,A
Shizhu He,female,A
Daojian Zeng,male,A
Kang Liu,female,A
Shengping Liu,male,A
Jun Zhao,male,A
Swapnil Gupta,male,A
Sreyash Kenkre,male,A
Partha Talukdar,male,A
Yuyun Huang,female,A
Jinhua Du,female,A
Jian Ni,male,A
Radu Florian,male,A
Xiang Deng,male,A
Huan Sun,male,A
Mingda Chen,female,A
Zewei Chu,female,A
Yang Chen,male,A
Karl Stratos,male,W_NL
Kevin Gimpel,male,W_NL
Rujun Han,male,A
Qiang Ning,male,A
Nanyun Peng,male,A
Yuning Mao,male,A
Jingjing Tian,male,A
Jiawei Han,male,A
Xiang Ren,male,A
Chunning Du,male,A
Haifeng Sun,male,A
Jingyu Wang,female,A
Qi Qi,male,A
Jianxin Liao,male,A
Chun Wang,male,A
Bing Ma,male,A
Lin Xiao,female,A
Xin Huang,female,A
Boli Chen,male,A
Liping Jing,female,A
Shengli Sun,female,A
Qingfeng Sun,male,A
Kevin Zhou,male,A
Tengchao Lv,male,A
Vivian Lai,female,A
Zheng Cai,male,A
Chenhao Tan,male,A
Guocheng Niu,male,A
Hengru Xu,male,A
Bolei He,male,A
Xinyan Xiao,female,A
Hua Wu,male,A
Sheng Gao,female,A
Xiaoan Ding,male,A
Kevin Gimpel,male,W_NL
Omer Anjum,male,A
Hongyu Gong,female,A
Suma Bhat,female,A
Wen-Mei Hwu,female,A
JinJun Xiong,male,A
Jon Gauthier,male,W_NL
Roger Levy,male,W_NL
Wojciech Kryscinski,male,W_NL
Nitish Shirish Keskar,male,A
Bryan McCann,male,W_NL
Caiming Xiong,male,A
Richard Socher,male,W_NL
Thiago Castro Ferreira,male,HL
Chris van der Lee,male,W_NL
Emiel van Miltenburg,male,W_NL
Emiel Krahmer,male,W_NL
Wei Zhao,male,A
Maxime Peyrard,male,B_NL
Fei Liu,male,A
Yang Gao,male,A
Christian M. Meyer,male,W_NL
Steffen Eger,male,W_NL
Xiaoyu Shen,female,A
Jun Suzuki,male,A
Kentaro Inui,male,A
Hui Su,female,A
Dietrich Klakow,male,W_NL
Satoshi Sekine,female,A
Xinyu Hua,female,A
Lu Wang,female,A
Angel Daza,male,HL
Anette Frank,female,W_NL
Yue Zhang,female,A
Rui Wang,male,A
Luo Si,male,A
Andrea Di Fabio,male,W_NL
Simone Conia,female,A
Roberto Navigli,male,HL
Ziyi Yang,female,A
Chenguang Zhu,male,A
Weizhu Chen,female,A
Mingda Chen,female,A
Zewei Chu,female,A
Kevin Gimpel,male,W_NL
Dhivya Chinnappa,female,A
Srikala Murugan,female,A
Eduardo Blanco,male,HL
Jack Urbanek,male,W_NL
Angela Fan,female,A
Siddharth Karamcheti,male,A
Saachi Jain,female,A
Samuel Humeau,male,B_NL
Emily Dinan,female,W_NL
Tim Rocktäschel,male,W_NL
Douwe Kiela,male,A
Arthur Szlam,male,W_NL
Jason Weston,male,W_NL
Khanh Nguyen,male,A
Hal Daumé III,male,B_NL
Patrick Bordes,male,W_NL
Eloi Zablocki,male,A
Laure Soulier,female,W_NL
Benjamin Piwowarski,male,W_NL
Patrick Gallinari,male,W_NL
Maxwell Forbes,male,B_NL
Christine Kaeser-Chen,female,A
Piyush Sharma,male,A
Serge Belongie,male,B_NL
Henry Rosales-Méndez,male,HL
Aidan Hogan,male,W_NL
Barbara Poblete,female,A
Arpita Roy,female,A
Youngja Park,female,A
Taesung Lee,female,A
Shimei Pan,female,A
Jian Liu,male,A
Yubo Chen,male,A
Kang Liu,female,A
Jun Zhao,male,A
Filipe Mesquita,male,HL
Matteo Cannaviccio,male,HL
Jordan Schmidek,male,W_NL
Paramita Mirza,female,A
Denilson Barbosa,male,HL
Aditya Gupta,male,A
Greg Durrett,male,W_NL
Shuo Ren,female,A
Yu Wu,female,A
Shujie Liu,female,A
Ming Zhou,male,A
Shuai Ma,female,A
Xuewen Yang,male,A
Yingru Liu,female,A
Dongliang Xie,male,A
Xin Wang,female,A
Niranjan Balasubramanian,male,A
Shuo Wang,female,A
Yang Liu,male,A
Chao Wang,male,A
Huanbo Luan,male,A
Maosong Sun,male,A
Mingxuan Wang,male,A
Xiaofei Shi,female,A
Yanghua Xiao,female,A
Masud Moshtaghi,male,A
Shijie Wu,female,A
Mark Dredze,male,W_NL
Jiali Zeng,female,A
Yang Liu,male,A
Jinsong Su,male,A
Yubing Ge,female,A
Yaojie Lu,male,A
Yongjing Yin,female,A
Jiebo Luo,male,A
Tianchi Bi,male,A
Hao Xiong,male,A
Zhongjun He,male,A
Hua Wu,male,A
Haifeng Wang,male,A
Yunsu Kim,female,A
Petre Petrov,male,W_NL
Pavel Petrushkov,male,W_NL
Shahram Khadivi,male,A
Hermann Ney,male,W_NL
Elena Voita,female,HL
Rico Sennrich,male,A
Ivan Titov,male,HL
Jie Hao,male,A
Xing Wang,male,A
Shuming Shi,male,A
Jinfeng Zhang,female,A
Zhaopeng Tu,male,A
Biao Zhang,male,A
Ivan Titov,male,HL
Rico Sennrich,male,A
Elias Stengel-Eskin,male,HL
Tzu-ray Su,female,A
Matt Post,male,W_NL
Benjamin Van Durme,male,W_NL
Longyue Wang,female,A
Zhaopeng Tu,male,A
Xing Wang,male,A
Shuming Shi,male,A
Zaixiang Zheng,male,A
Shujian Huang,male,A
Zhaopeng Tu,male,A
Xin-Yu Dai,male,A
Jiajun Chen,male,A
Wenqiang Lei,male,A
Weiwen Xu,male,A
Ai Ti Aw,female,A
Yuanxin Xiang,male,A
Tat Seng Chua,male,A
Shilin He,male,A
Zhaopeng Tu,male,A
Xing Wang,male,A
Longyue Wang,female,A
Michael Lyu,male,A
Shuming Shi,male,A
Xu Tan,male,A
Jiale Chen,male,A
Di He,female,A
Yingce Xia,female,A
Tao Qin,male,A
Tie-Yan Liu,male,A
Paula Czarnowska,female,W_NL
Sebastian Ruder,male,W_NL
Edouard Grave,male,B_NL
Ryan Cotterell,male,W_NL
Ann Copestake,female,W_NL
Antonios Anastasopoulos,male,W_NL
Graham Neubig,male,W_NL
Meishan Zhang,male,A
Yue Zhang,female,A
Guohong Fu,male,A
Linlin Liu,female,A
Xiang Lin,male,A
Shafiq Joty,male,A
Simeng Han,female,A
Lidong Bing,male,A
Rui Cai,male,A
Mirella Lapata,female,HL
Zuyi Bao,female,A
Rui Huang,male,A
Chen Li,male,A
Kenny Zhu,male,A
Tao Gui,male,A
Yicheng Zou,male,A
Qi Zhang,male,A
Minlong Peng,male,A
Jinlan Fu,male,A
Zhongyu Wei,male,A
Xuanjing Huang,male,A
Yijin Liu,female,A
Fandong Meng,male,A
Jinchao Zhang,male,A
Jie Zhou,male,A
Yufeng Chen,female,A
Jinan Xu,male,A
Yaushian Wang,male,A
Hung-Yi Lee,female,A
Yun-Nung Chen,female,A
Chunchuan Lyu,male,A
Shay B. Cohen,female,W_NL
Ivan Titov,male,HL
Alankar Jain,male,A
Bhargavi Paranjape,male,A
Zachary C. Lipton,male,W_NL
Edwin D. Simpson,male,B_NL
Iryna Gurevych,female,W_NL
Clara Vania,female,A
Yova Kementchedjhieva,female,HL
Anders Søgaard,male,W_NL
Adam Lopez,male,HL
Tao Meng,male,A
Nanyun Peng,male,A
Kai-Wei Chang,male,A
Zhichu Lu,female,A
Forough Arabshahi,male,A
Igor Labutov,male,W_NL
Tom Mitchell,male,B_NL
Shiyuan Xiao,male,A
Yuanxin Ouyang,female,A
Wenge Rong,male,A
Jianxin Yang,male,A
Zhang Xiong,male,A
Benoit Crabbé,male,W_NL
Murielle Fabre,female,B_NL
Christophe Pallier,male,B_NL
Mor Geva,male,HL
Yoav Goldberg,male,W_NL
Jonathan Berant,male,W_NL
Md Rizwan Parvez,male,A
Tolga Bolukbasi,male,A
Kai-Wei Chang,male,A
Venkatesh Saligrama,male,A
Joe Davison,male,B_NL
Joshua Feldman,male,W_NL
Alexander Rush,male,W_NL
Jesse Dodge,male,W_NL
Roy Schwartz,male,W_NL
Hao Peng,male,A
Noah A. Smith,male,W_NL
Philipp Dufter,male,W_NL
Hinrich Schütze,male,W_NL
Zi-Yi Dou,female,A
Keyi Yu,female,A
Antonios Anastasopoulos,male,W_NL
Weijia Shi,female,A
Muhao Chen,male,A
Pei Zhou,male,A
Kai-Wei Chang,male,A
Linqing Liu,female,A
Wei Yang,male,A
Jinfeng Rao,male,A
Raphael Tang,male,A
Jimmy Lin,male,A
Zachary Ziegler,male,W_NL
Yuntian Deng,male,A
Alexander Rush,male,W_NL
Simeng Sun,female,A
Ani Nenkova,female,A
Min Gui,male,A
Junfeng Tian,male,A
Rui Wang,male,A
Zhenglu Yang,female,A
Rahul Aralikatte,male,A
Heather Lent,female,W_NL
Ana Valeria Gonzalez,female,HL
Daniel Herschcovich,male,W_NL
Chen Qiu,male,A
Anders Sandholm,male,W_NL
Michael Ringaard,male,W_NL
Anders Søgaard,male,W_NL
Shun Kiyono,male,A
Jun Suzuki,male,A
Masato Mita,male,A
Tomoya Mizumoto,female,A
Kentaro Inui,male,A
Weiwei Yang,female,A
Jordan Boyd-Graber,male,W_NL
Philip Resnik,male,W_NL
Bonan Min,male,A
Xiaoxi Zhao,female,A
Mahmoud Azab,male,A
Stephane Dadian,male,W_NL
Vivi Nastase,female,A
Larry An,male,A
Rada Mihalcea,female,HL
Chenguang Zhu,male,A
Michael Zeng,male,A
Xuedong Huang,male,A
Min Zeng,male,A
Yisen Wang,female,A
Yuan Luo,male,A
Bo-Hsiang Tseng,female,A
Marek Rei,male,A
Paweł Budzianowski,male,W_NL
Richard Turner,male,W_NL
Bill Byrne,male,W_NL
Anna Korhonen,female,W_NL
Yilin Shen,female,A
Xiangyu Zeng,male,A
Hongxia Jin,female,A
Arshit Gupta,male,A
Peng Zhang,male,A
Garima Lalwani,female,A
Mona Diab,female,A
Jia Li,female,A
Chongyang Tao,male,A
Wei Wu,male,A
Yansong Feng,male,A
Dongyan Zhao,male,A
Rui Yan,male,A
Zihan Liu,male,A
Jamin Shin,male,A
Yan Xu,male,A
Genta Indra Winata,female,A
Peng Xu,male,A
Andrea Madotto,female,HL
Pascale Fung,female,A
Lei Shu,female,A
Hu Xu,male,A
Bing Liu,male,A
Piero Molino,male,HL
Stefan Larson,male,W_NL
Anish Mahendran,male,A
Joseph J. Peper,male,W_NL
Christopher Clarke,male,W_NL
Andrew Lee,male,A
Parker Hill,male,B_NL
Jonathan K. Kummerfeld,male,W_NL
Kevin Leach,male,W_NL
Michael A. Laurenzano,male,W_NL
Lingjia Tang,female,A
Jason Mars,male,W_NL
Tong Niu,male,A
Mohit Bansal,male,A
Yingbo Gao,male,A
Weiyue Wang,female,A
Hermann Ney,male,W_NL
Hagai Taitelbaum,male,A
Gal Chechik,male,A
Jacob Goldberger,male,W_NL
Jie Hao,male,A
Xing Wang,male,A
Shuming Shi,male,A
Jinfeng Zhang,female,A
Zhaopeng Tu,male,A
Brian Thompson,male,B_NL
Philipp Koehn,male,W_NL
Baigong Zheng,male,A
Renjie Zheng,male,A
Mingbo Ma,male,A
Liang Huang,male,A
Phillip Keung,male,A
Yichao Lu,male,A
Vikas Bhardwaj,male,A
Kehai Chen,male,A
Rui Wang,male,A
Masao Utiyama,male,A
Eiichiro Sumita,male,A
Amirhossein Tebbifakhr,male,A
Luisa Bentivogli,female,HL
Matteo Negri,male,HL
Marco Turchi,male,HL
Matthias Gallé,male,W_NL
Brian Thompson,male,B_NL
Rebecca Knowles,female,W_NL
Xuan Zhang,male,A
Huda Khayrallah,female,A
Kevin Duh,male,A
Philipp Koehn,male,W_NL
Chunting Zhou,female,A
Xuezhe Ma,female,A
Junjie Hu,male,A
Graham Neubig,male,W_NL
Renjie Zheng,male,A
Mingbo Ma,male,A
Baigong Zheng,male,A
Liang Huang,male,A
Xing Wang,male,A
Zhaopeng Tu,male,A
Longyue Wang,female,A
Shuming Shi,male,A
Raj Dabre,male,A
Atsushi Fujita,female,A
Chenhui Chu,male,A
Zi-Yi Dou,female,A
Junjie Hu,male,A
Antonios Anastasopoulos,male,W_NL
Graham Neubig,male,W_NL
Yong Jiang,male,A
Wenjuan Han,male,A
Kewei Tu,male,A
Gongbo Tang,male,A
Rico Sennrich,male,A
Joakim Nivre,male,W_NL
Hyun-Je Song,female,A
Seong-Bae Park,female,A
Sawsan Alqahtani,female,A
Ajay Mishra,male,A
Mona Diab,female,A
Vishvak Murahari,male,A
Prithvijit Chattopadhyay,male,A
Dhruv Batra,male,A
Devi Parikh,female,A
Abhishek Das,male,A
Quynh Do,female,A
Judith Gaspers,female,W_NL
Po-Yao Huang,male,A
Xiaojun Chang,male,A
Alexander Hauptmann,male,W_NL
Soravit Changpinyo,female,A
Bo Pang,male,A
Piyush Sharma,male,A
Radu Soricut,male,A
Ming Jiang,male,A
Junjie Hu,male,A
Qiuyuan Huang,male,A
Lei Zhang,female,A
Jana Diesner,female,W_NL
Jianfeng Gao,male,A
Mingfei Gao,male,A
Larry Davis,male,B_NL
Richard Socher,male,W_NL
Caiming Xiong,male,A
Xudong Han,male,A
Philip Schulz,male,W_NL
Trevor Cohn,male,W_NL
Xiujun Li,female,A
Chunyuan Li,male,A
Qiaolin Xia,female,A
Yonatan Bisk,male,A
Asli Celikyilmaz,female,A
Jianfeng Gao,male,A
Noah A. Smith,male,W_NL
Yejin Choi,female,A
Michalina Strzyz,female,W_NL
David Vilares,male,HL
Carlos Gómez-Rodríguez,male,HL
Andrew Drozdov,male,W_NL
Patrick Verga,male,W_NL
Yi-Pei Chen,female,A
Mohit Iyyer,male,A
Andrew McCallum,male,W_NL
Sam Davidson,male,B_NL
Dian Yu,female,A
Zhou Yu,male,A
Panupong Pasupat,male,A
Sonal Gupta,male,A
Karishma Mandyam,female,A
Rushin Shah,male,A
Mike Lewis,male,B_NL
Luke Zettlemoyer,male,W_NL
Zhengxin Yang,male,A
Jinchao Zhang,male,A
Fandong Meng,male,A
Shuhao Gu,male,A
Yang Feng,male,A
Jie Zhou,male,A
Ankur Bapna,male,A
Orhan Firat,male,A
Sweta Agrawal,female,A
Marine Carpuat,female,W_NL
Sneha Kudugunta,female,A
Ankur Bapna,male,A
Isaac Caswell,male,B_NL
Orhan Firat,male,A
Xin Tan,female,A
Longyin Zhang,male,A
Deyi Xiong,male,A
Guodong Zhou,male,A
Yiming Cui,male,A
Wanxiang Che,male,A
Ting Liu,female,A
Bing Qin,male,A
Shijin Wang,male,A
Guoping Hu,male,A
Minghao Hu,male,A
Yuxing Peng,male,A
Zhen Huang,male,A
Dongsheng Li,male,A
Andreas Rücklé,male,W_NL
Nafise Sadat Moosavi,female,A
Iryna Gurevych,female,W_NL
Jingjing Xu,male,A
Yuechen Wang,male,A
Duyu Tang,female,A
Nan Duan,female,A
Pengcheng Yang,male,A
Qi Zeng,male,A
Ming Zhou,male,A
Xu Sun,male,A
Nina Poerner,female,W_NL
Hinrich Schütze,male,W_NL
Pulkit Parikh,male,A
Harika Abburi,female,A
Pinkesh Badjatiya,male,A
Radhika Krishnan,female,A
Niyati Chhaya,female,A
Manish Gupta,male,A
Vasudeva Varma,male,A
Charuta Pethe,female,A
Steve Skiena,male,W_NL
Luke Breitfeller,male,W_NL
Emily Ahn,female,A
David Jurgens,male,W_NL
Yulia Tsvetkov,male,A
Miao Fan,female,A
Chao Feng,male,A
Mingming Sun,male,A
Ping Li,male,A
Nicholas Andrews,male,W_NL
Marcus Bishop,male,B_NL
Dongyeop Kang,male,A
Varun Gangal,male,A
Eduard Hovy,male,W_NL
Pinelopi Papalampidi,female,A
Frank Keller,male,W_NL
Mirella Lapata,female,HL
Lei Cao,male,A
Huijun Zhang,male,A
Ling Feng,male,A
Zihan Wei,male,A
Xin Wang,female,A
Ningyun Li,female,A
Xiaohao He,male,A
Shivashankar Subramanian,male,A
Trevor Cohn,male,W_NL
Timothy Baldwin,male,W_NL
Igor Shalyminov,male,W_NL
Sungjin Lee,male,A
Arash Eshghi,male,A
Oliver Lemon,male,B_NL
Shikib Mehri,male,A
Maxine Eskenazi,female,W_NL
Weikang Wang,male,A
Jiajun Zhang,male,A
Qian Li,male,A
Chengqing Zong,male,A
Zhifei Li,male,A
Bo Zhang,male,A
Xiaoming Zhang,male,A
Zhibin Liu,male,A
Zheng-Yu Niu,female,A
Hua Wu,male,A
Haifeng Wang,male,A
Hengyi Cai,male,A
Hongshen Chen,male,A
Cheng Zhang,male,A
Yonghao Song,male,A
Xiaofang Zhao,female,A
Dawei Yin,male,A
Qibin Chen,male,A
Junyang Lin,male,A
Yichang Zhang,male,A
Ming Ding,male,A
Yukuo Cen,female,A
Hongxia Yang,female,A
Jie Tang,male,A
Xiang Gao,male,A
Yizhe Zhang,male,A
Sungjin Lee,male,A
Michel Galley,male,W_NL
Chris Brockett,male,W_NL
Jianfeng Gao,male,A
Bill Dolan,male,W_NL
Zhufeng Pan,male,A
Kun Bai,male,A
Yan Wang,male,A
Lianqiang Zhou,male,A
Xiaojiang Liu,male,A
Kun Zhou,male,A
Kai Zhang,male,A
Yu Wu,female,A
Shujie Liu,female,A
Jingsong Yu,male,A
Jia-Chen Gu,male,A
Zhen-Hua Ling,male,A
Xiaodan Zhu,male,A
Quan Liu,male,A
Yi-Lin Tuan,male,A
Yun-Nung Chen,female,A
Hung-yi Lee,female,A
Deng Cai,male,A
Yan Wang,male,A
Wei Bi,male,A
Zhaopeng Tu,male,A
Xiaojiang Liu,male,A
Shuming Shi,male,A
Liliang Ren,male,A
Jianmo Ni,male,A
Julian McAuley,male,W_NL
Ze Yang,male,A
Wei Wu,male,A
Jian Yang,male,A
Can Xu,male,A
Zhoujun Li,female,A
Jun Gao,male,A
Wei Bi,male,A
Xiaojiang Liu,male,A
Junhui Li,male,A
Guodong Zhou,male,A
Shuming Shi,male,A
Ran Le,male,A
Wenpeng Hu,male,A
Mingyue Shang,female,A
Zhenjun You,male,A
Lidong Bing,male,A
Dongyan Zhao,male,A
Rui Yan,male,A
Jinxin Chang,male,A
Ruifang He,male,A
Longbiao Wang,male,A
Xiangyu Zhao,male,A
Ting Yang,female,A
Ruifang Wang,female,A
Zhangming Chan,male,A
Juntao Li,male,A
Xiaopeng Yang,male,A
Xiuying Chen,female,A
Wenpeng Hu,male,A
Dongyan Zhao,male,A
Rui Yan,male,A
JinYeong Bak,male,A
Alice Oh,female,A
Dongyeop Kang,male,A
Anusha Balakrishnan,female,A
Pararth Shah,male,A
Paul Crook,male,W_NL
Y-Lan Boureau,female,A
Jason Weston,male,W_NL
Tao Yu,male,A
Rui Zhang,male,A
Heyang Er,male,A
Suyi Li,female,A
Eric Xue,male,A
Bo Pang,male,A
Xi Victoria Lin,female,A
Yi Chern Tan,female,A
Tianze Shi,female,A
Zihan Li,male,A
Youxuan Jiang,male,A
Michihiro Yasunaga,male,A
Sungrok Shim,male,A
Tao Chen,male,A
Alexander Fabbri,male,HL
Zifan Li,male,A
Luyao Chen,female,A
Yuwen Zhang,female,A
Shreya Dixit,female,A
Vincent Zhang,male,A
Caiming Xiong,male,A
Richard Socher,male,W_NL
Walter Lasecki,male,W_NL
Dragomir Radev,male,W_NL
Harshit Kumar,male,A
Arvind Agarwal,male,A
Sachindra Joshi,male,A
Weiyan Shi,male,A
Kun Qian,female,A
Xuewei Wang,female,A
Zhou Yu,male,A
Tao Jin,male,A
Siyu Huang,female,A
Yingming Li,male,A
Zhongfei Zhang,male,A
Dong-Jin Kim,male,A
Jinsoo Choi,female,A
Tae-Hyun Oh,male,A
In So Kweon,female,A
Gi-Cheon Kang,male,A
Jaeseo Lim,male,A
Byoung-Tak Zhang,male,A
Jack Hessel,male,W_NL
Lillian Lee,female,A
David Mimno,male,W_NL
Md Kamrul Hasan,male,A
Wasifur Rahman,male,A
AmirAli Bagher Zadeh,male,A
Jianyuan Zhong,male,A
Md Iftekhar Tanveer,male,A
Louis-Philippe Morency,male,B_NL
Mohammed (Ehsan) Hoque,male,A
Nikos Papasarantopoulos,male,HL
Lea Frermann,female,W_NL
Mirella Lapata,female,HL
Shay B. Cohen,female,W_NL
Xinyu Xiao,female,A
Lingfeng Wang,male,A
Bin Fan,male,A
Shinming Xiang,male,A
Chunhong Pan,female,A
Libo Qin,male,A
Wanxiang Che,male,A
Yangming Li,male,A
Haoyang Wen,male,A
Ting Liu,female,A
Thierry Deruyttere,male,W_NL
Simon Vandenhende,male,A
Dusan Grujicic,male,W_NL
Luc Van Gool,male,A
Marie-Francine Moens,female,W_NL
Dimitrina Zlatkova,female,HL
Preslav Nakov,male,A
Ivan Koychev,male,HL
Weike Jin,male,A
Zhou Zhao,male,A
Mao Gu,female,A
Jun Xiao,male,A
Furu Wei,female,A
Yueting Zhuang,female,A
Alane Suhr,female,W_NL
Claudia Yan,female,A
Jack Schluger,male,W_NL
Stanley Yu,male,A
Hadi Khader,male,A
Marwa Mouallem,female,A
Iris Zhang,female,A
Yoav Artzi,male,W_NL
Chris Alberti,male,W_NL
Jeffrey Ling,male,A
Michael Collins,male,W_NL
David Reitter,male,W_NL
Ming Jiang,male,A
Qiuyuan Huang,male,A
Lei Zhang,female,A
Xin Wang,female,A
Pengchuan Zhang,male,A
Zhe Gan,male,A
Jana Diesner,female,W_NL
Jianfeng Gao,male,A
Eric Wallace,male,B_NL
Shi Feng,female,A
Nikhil Kandpal,male,A
Matt Gardner,male,W_NL
Sameer Singh,male,A
Hady Elsahar,male,A
Matthias Gallé,male,W_NL
Gonçalo M. Correia,male,HL
Vlad Niculae,male,A
André F. T. Martins,male,B_NL
Jesse Dodge,male,W_NL
Suchin Gururangan,male,A
Dallas Card,male,B_NL
Roy Schwartz,male,W_NL
Noah A. Smith,male,W_NL
Nikita Srivatsan,male,A
Jonathan Barron,male,W_NL
Dan Klein,male,W_NL
Taylor Berg-Kirkpatrick,female,B_NL
Edoardo Maria Ponti,male,HL
Ivan Vulić,male,A
Goran Glavaš,male,W_NL
Roi Reichart,male,W_NL
Anna Korhonen,female,W_NL
Verna Dankers,female,B_NL
Marek Rei,male,A
Martha Lewis,female,B_NL
Ekaterina Shutova,female,A
Alexis Ross,male,B_NL
Ellie Pavlick,female,W_NL
Arya D. McCarthy,male,W_NL
Winston Wu,male,A
Aaron Mueller,male,W_NL
William Watson,male,B_NL
David Yarowsky,male,W_NL
Longxiang Shen,male,A
Bowei Zou,male,A
Yu Hong,female,A
Guodong Zhou,male,A
Qiaoming Zhu,female,A
AiTi Aw,female,A
Han Cheol Moon,male,A
Tasnim Mohiuddin,male,A
Shafiq Joty,male,A
Chi Xu,female,A
Byungkook Oh,male,A
Seungmin Seo,male,A
Cheolheon Shin,male,A
Eunju Jo,female,A
Kyong-Ho Lee,female,A
Amandla Mabona,female,HL
Laura Rimell,female,W_NL
Stephen Clark,male,W_NL
Andreas Vlachos,male,W_NL
Sonia Badene,female,HL
Kate Thompson,female,W_NL
Jean-Pierre Lorré,male,B_NL
Nicholas Asher,male,W_NL
Patrick Huber,male,W_NL
Giuseppe Carenini,male,HL
Cornelia Caragea,female,HL
Ana Uban,female,HL
Liviu P. Dinu,male,A
Yingchi Liu,female,A
Quanzhi Li,male,A
Marika Cifor,female,HL
Xiaozhong Liu,male,A
Qiong Zhang,female,A
Luo Si,male,A
Ananth Balashankar,male,A
Sunandan Chakraborty,male,A
Samuel Fraiberger,male,W_NL
Lakshminarayanan Subramanian,male,A
Sepideh Mesbah,male,A
Jie Yang,male,A
Robert-Jan Sips,male,W_NL
Manuel Valle Torre,male,HL
Christoph Lofi,male,W_NL
Alessandro Bozzon,male,HL
Geert-Jan Houben,male,A
Ahmadreza Mosallanezhad,male,A
Ghazaleh Beigi,male,A
Huan Liu,male,A
Qianying Liu,female,A
Wenyv Guan,female,A
Sujian Li,male,A
Daisuke Kawahara,male,A
Haitian Sun,male,A
Tania Bedrax-Weiss,female,HL
William Cohen,male,W_NL
Lifu Huang,male,A
Ronan Le Bras,male,A
Chandra Bhagavatula,female,A
Yejin Choi,female,A
Ethan Perez,male,HL
Siddharth Karamcheti,male,A
Rob Fergus,male,W_NL
Jason Weston,male,W_NL
Douwe Kiela,male,A
Kyunghyun Cho,female,A
Yanfu Xu,female,A
Zheng Lin,male,A
Yuanxin Liu,female,A
Rui Liu,male,A
Weiping Wang,male,A
Dan Meng,male,A
Katsuhiko Hayashi,female,A
Masashi Shimbo,male,A
Cao Liu,male,A
Kang Liu,female,A
Shizhu He,female,A
Zaiqing Nie,male,A
Jun Zhao,male,A
Tao Shen,male,A
Xiubo Geng,male,A
Tao Qin,male,A
Daya Guo,female,A
Duyu Tang,female,A
Nan Duan,female,A
Guodong Long,male,A
Daxin Jiang,male,A
Yimin Jing,male,A
Deyi Xiong,male,A
Zhen Yan,male,A
Fabio Petroni,male,HL
Tim Rocktäschel,male,W_NL
Sebastian Riedel,male,HL
Patrick Lewis,male,B_NL
Anton Bakhtin,male,B_NL
Yuxiang Wu,female,A
Alexander Miller,male,W_NL
Qiu Ran,male,A
Yankai Lin,male,A
Peng Li,male,A
Jie Zhou,male,A
Zhiyuan Liu,male,A
Haoyang Huang,male,A
Yaobo Liang,male,A
Nan Duan,female,A
Ming Gong,male,A
Linjun Shou,male,A
Daxin Jiang,male,A
Ming Zhou,male,A
Shiyue Zhang,female,A
Mohit Bansal,male,A
Huazheng Wang,male,A
Zhe Gan,male,A
Xiaodong Liu,male,A
Jingjing Liu,female,A
Jianfeng Gao,male,A
Hongning Wang,male,A
Bin Bi,male,A
Chen Wu,male,A
Ming Yan,male,A
Wei Wang,male,A
Jiangnan Xia,male,A
Chenliang Li,male,A
George Sebastian Pirtoaca,male,HL
Traian Rebedea,male,A
Stefan Ruseti,male,W_NL
Todor Mihaylov,male,W_NL
Anette Frank,female,W_NL
Yixin Nie,female,A
Songhe Wang,male,A
Mohit Bansal,male,A
Qiao Jin,male,A
Bhuwan Dhingra,male,A
Zhengping Liu,male,A
William Cohen,male,W_NL
Xinghua Lu,female,A
Vikas Yadav,male,A
Steven Bethard,male,W_NL
Mihai Surdeanu,male,A
Peng Qi,male,A
Xiaowen Lin,male,A
Leo Mehr,male,W_NL
Zijian Wang,male,A
Christopher D. Manning,male,W_NL
Fuxiang Chen,male,A
Seung-won Hwang,male,A
Jaegul Choo,female,A
Jung-Woo Ha,male,A
Sunghun Kim,female,A
Jiwei Ding,male,A
Wei Hu,male,A
Qixin Xu,male,A
Yuzhong Qu,male,A
Heng Wang,male,A
Shuangyin Li,male,A
Rong Pan,male,A
Mingzhi Mao,male,A
Jizhi Tang,female,A
Yansong Feng,male,A
Dongyan Zhao,male,A
Ruiping Li,female,A
Xiang Cheng,male,A
Mingtong Liu,male,A
Yujie Zhang,female,A
Jinan Xu,male,A
Yufeng Chen,female,A
Yao Zhu,male,A
Hongzhi Liu,male,A
Zhonghai Wu,male,A
Yang Song,male,A
Tao Zhang,male,A
Cong Fu,male,A
Tong Chen,male,A
Meng Qu,male,A
Woojeong Jin,male,A
Xiang Ren,male,A
Li Du,female,A
Xiao Ding,male,A
Ting Liu,female,A
Zhongyang Li,male,A
Di Liang,male,A
Fubao Zhang,male,A
Qi Zhang,male,A
Xuanjing Huang,male,A
Steven Y. Feng,male,A
Aaron W. Li,male,A
Jesse Hoey,male,W_NL
Su Wang,female,A
Greg Durrett,male,W_NL
Katrin Erk,female,W_NL
Chengjiang Li,male,A
Yixin Cao,male,A
Lei Hou,female,A
Jiaxin Shi,female,A
Juanzi Li,male,A
Tat-Seng Chua,female,A
John Hewitt,male,W_NL
Percy Liang,male,A
Xiang Lisa Li,female,A
Jason Eisner,male,W_NL
Artur Kulmizev,male,A
Miryam de Lhoneux,female,A
Johannes Gontrum,male,W_NL
Elena Fano,female,HL
Joakim Nivre,male,W_NL
Federico Fancellu,male,HL
Sorcha Gilroy,female,B_NL
Adam Lopez,male,HL
Mirella Lapata,female,HL
Dan Kondratyuk,male,W_NL
Milan Straka,male,A
Xingdi Yuan,female,A
Marc-Alexandre Côté,male,W_NL
Jie Fu,male,A
Zhouhan Lin,male,A
Chris Pal,male,A
Yoshua Bengio,male,HL
Adam Trischler,male,W_NL
Tushar Khot,male,A
Ashish Sabharwal,male,A
Peter Clark,male,W_NL
Bill Yuchen Lin,male,A
Xinyue Chen,female,A
Jamin Chen,male,A
Xiang Ren,male,A
Kyungjae Lee,female,A
Sunghyun Park,female,A
Hojae Han,female,A
Jinyoung Yeo,female,A
Seung-won Hwang,male,A
Juho Lee,male,A
Sewon Min,male,A
Danqi Chen,female,A
Hannaneh Hajishirzi,female,A
Luke Zettlemoyer,male,W_NL
Sandro Pezzelle,male,HL
Raquel Fernández,male,HL
Alex Warstadt,male,W_NL
Yu Cao,male,A
Ioana Grosu,female,W_NL
Wei Peng,male,A
Hagen Blix,male,W_NL
Yining Nie,male,A
Anna Alsop,female,W_NL
Shikha Bordia,female,A
Haokun Liu,male,A
Alicia Parrish,female,B_NL
Sheng-Fu Wang,female,A
Jason Phang,male,A
Anhad Mohananey,male,A
Phu Mon Htut,male,A
Paloma Jeretic,female,HL
Samuel R. Bowman,male,W_NL
Aixiu An,female,A
Peng Qian,male,A
Ethan Wilcox,male,W_NL
Roger Levy,male,W_NL
Edoardo Maria Ponti,male,HL
Ivan Vulić,male,A
Ryan Cotterell,male,W_NL
Roi Reichart,male,W_NL
Anna Korhonen,female,W_NL
David Atkinson,male,W_NL
Kumar Bhargav Srinivasan,male,A
Chenhao Tan,male,A
Yamen Ajjour,male,A
Milad Alshomary,male,A
Henning Wachsmuth,male,A
Benno Stein,male,W_NL
Tuhin Chakrabarty,male,A
Christopher Hidey,male,W_NL
Smaranda Muresan,female,A
Kathy McKeown,female,W_NL
Alyssa Hwang,female,A
James Thorne,male,W_NL
Andreas Vlachos,male,W_NL
Christos Christodoulopoulos,male,W_NL
Arpit Mittal,male,A
Wonsuk Yang,male,A
Seungwon Yoon,male,A
Ada Carpenter,female,W_NL
Jong Park,male,A
Prathyusha Jwalapuram,female,A
Shafiq Joty,male,A
Irina Temnikova,female,HL
Preslav Nakov,male,A
Zeyu Dai,male,A
Ruihong Huang,female,A
Chikara Hashimoto,female,A
Junjie Li,female,A
Xuepeng Wang,male,A
Dawei Yin,male,A
Chengqing Zong,male,A
Wen Xiao,male,A
Giuseppe Carenini,male,HL
Shuang Chen,female,A
Jinpeng Wang,male,A
Xiaocheng Feng,male,A
Feng Jiang,male,A
Bing Qin,male,A
Chin-Yew Lin,male,A
Ling Luo,female,A
Xiang Ao,male,A
Yan Song,male,A
Feiyang Pan,male,A
Min Yang,male,A
Qing He,female,A
Xiangyu Duan,female,A
Hongfei Yu,male,A
Mingming Yin,female,A
Min Zhang,male,A
Weihua Luo,female,A
Yue Zhang,female,A
Junnan Zhu,male,A
Qian Wang,male,A
Yining Wang,male,A
Yu Zhou,female,A
Jiajun Zhang,male,A
Shaonan Wang,male,A
Chengqing Zong,male,A
Peng Xu,male,A
Chien-Sheng Wu,female,A
Andrea Madotto,female,HL
Pascale Fung,female,A
Wenbo Wang,male,A
Yang Gao,male,A
Heyan Huang,male,A
Yuxiang Zhou,female,A
Anastasia Shimorina,female,HL
Claire Gardent,female,B_NL
Zhijing Jin,male,A
Di Jin,female,A
Jonas Mueller,male,W_NL
Nicholas Matthews,male,W_NL
Enrico Santus,male,HL
Florian Böhm,male,W_NL
Yang Gao,male,A
Christian M. Meyer,male,W_NL
Ori Shapira,male,A
Ido Dagan,male,A
Iryna Gurevych,female,W_NL
Jaemin Cho,male,A
Minjoon Seo,female,A
Hannaneh Hajishirzi,female,A
Qian Yang,male,A
Zhouyuan Huo,male,A
Dinghan Shen,male,A
Yong Cheng,male,A
Wenlin Wang,female,A
Guoyin Wang,male,A
Lawrence Carin,male,B_NL
Heng Gong,male,A
Xiaocheng Feng,male,A
Bing Qin,male,A
Ting Liu,female,A
Xin Zheng,male,A
Aixin Sun,female,A
Jing Li,female,A
Karthik Muthuswamy,male,A
Meng Cao,male,A
Jackie Chi Kit Cheung,male,A
Lihua Qian,female,A
Lin Qiu,female,A
Weinan Zhang,male,A
Xin Jiang,male,A
Yong Yu,male,A
Leonardo F. R. Ribeiro,male,HL
Claire Gardent,female,B_NL
Iryna Gurevych,female,W_NL
Toru Nishino,male,A
Shotaro Misawa,male,A
Ryuji Kano,male,A
Tomoki Taniguchi,female,A
Yasuhide Miura,female,A
Tomoko Ohkuma,female,A
Ryo Nagata,male,A
Jingjing Li,female,A
Yifan Gao,male,A
Lidong Bing,male,A
Irwin King,male,B_NL
Michael R. Lyu,male,A
Julia Ive,female,W_NL
Pranava Madhyastha,male,A
Lucia Specia,female,HL
Pan Li,male,A
Alexander Tuzhilin,male,HL
Thomas Scialom,male,W_NL
Sylvain Lamprier,male,B_NL
Benjamin Piwowarski,male,W_NL
Jacopo Staiano,male,W_NL
Zhihong Shao,male,A
Minlie Huang,female,A
Jiangtao Wen,male,A
Wenfei Xu,male,A
Xiaoyan Zhu,male,A
Akhilesh Sudhakar,male,A
Bhargav Upadhyay,male,A
Arjun Maheswaran,male,A
Eva Sharma,female,A
Luyang Huang,male,A
Zhe Hu,male,A
Lu Wang,female,A
Jiacheng Xu,male,A
Greg Durrett,male,W_NL
Dianqi Li,female,A
Yizhe Zhang,male,A
Zhe Gan,male,A
Yu Cheng,female,A
Chris Brockett,male,W_NL
Bill Dolan,male,W_NL
Ming-Ting Sun,female,A
Preksha Nema,female,A
Akash Kumar Mohankumar,male,A
Mitesh M. Khapra,male,A
Balaji Vasan Srinivasan,male,A
Balaraman Ravindran,male,A
Taehee Jung,female,A
Dongyeop Kang,male,A
Lucas Mentch,male,W_NL
Eduard Hovy,male,W_NL
Yova Kementchedjhieva,female,HL
Mareike Hartmann,female,W_NL
Anders Søgaard,male,W_NL
Katharina Kann,female,A
Kyunghyun Cho,female,A
Samuel R. Bowman,male,W_NL
Yining Wang,male,A
Jiajun Zhang,male,A
Long Zhou,male,A
Yuchen Liu,male,A
Chengqing Zong,male,A
Felix Stahlberg,male,HL
Bill Byrne,male,W_NL
Ben Zhou,male,A
Daniel Khashabi,male,A
Qiang Ning,male,A
Dan Roth,male,W_NL
Yi-Ting Yeh,female,A
Yun-Nung Chen,female,A
Xin Lv,male,A
Yuxian Gu,female,A
Xu Han,male,A
Lei Hou,female,A
Juanzi Li,male,A
Zhiyuan Liu,male,A
Paul Trichelair,male,W_NL
Ali Emami,male,A
Adam Trischler,male,W_NL
Kaheer Suleman,male,A
Jackie Chi Kit Cheung,male,A
Fuli Luo,female,A
Shunyao Li,male,A
Pengcheng Yang,male,A
Lei Li,female,A
Baobao Chang,male,A
Zhifang Sui,female,A
Xu Sun,male,A
Wenjie Zhou,female,A
Minghua Zhang,female,A
Yunfang Wu,female,A
Florian Schmidt,male,W_NL
Stephan Mandt,male,W_NL
Thomas Hofmann,male,W_NL
Emily Sheng,female,A
Kai-Wei Chang,male,A
Premkumar Natarajan,male,A
Nanyun Peng,male,A
Sandeep Suntwal,male,A
Mithun Paul,male,A
Rebecca Sharp,female,W_NL
Mihai Surdeanu,male,A
Tal Schuster,male,W_NL
Darsh Shah,male,A
Yun Jie Serene Yeo,female,A
Daniel Roberto Filizzola Ortiz,male,HL
Enrico Santus,male,HL
Regina Barzilay,female,W_NL
Xingwei Tan,male,A
Yi Cai,male,A
Changxi Zhu,male,A
Jin Wang,male,A
Liang-Chih Yu,female,A
K. Robert Lai,male,A
Xuejie Zhang,female,A
Muyao Niu,male,A
Jie Cai,male,A
Lianzhe Huang,female,A
Dehong Ma,female,A
Sujian Li,male,A
Xiaodong Zhang,male,A
Houfeng Wang,male,A
Ahmed Sabir,male,A
Francesc Moreno,male,HL
Lluís Padró,male,HL
Hwiyeol Jo,female,A
Ceyda Cinarel,female,HL
Carlos Soto,male,HL
Shinjae Yoo,female,A
Linzi Xing,female,A
Michael J. Paul,male,B_NL
Giuseppe Carenini,male,HL
Lin Gui,female,A
Jia Leng,female,A
Gabriele Pergola,female,W_NL
Yu Zhou,female,A
Ruifeng Xu,male,A
Yulan He,female,A
Alison Sneyd,female,W_NL
Mark Stevenson,male,W_NL
Zeynep Akkalyoncu Yilmaz,female,A
Wei Yang,male,A
Haotian Zhang,male,A
Jimmy Lin,male,A
Constantine Lignos,male,W_NL
Daniel Cohen,male,W_NL
Yen-Chieh Lien,female,A
Pratik Mehta,male,A
W. Bruce Croft,male,W_NL
Scott Miller,male,W_NL
Kawin Ethayarajh,male,A
Luyao Huang,female,A
Chi Sun,female,A
Xipeng Qiu,male,A
Xuanjing Huang,male,A
Haoyan Liu,male,A
Lei Fang,female,A
Qian Liu,male,A
Bei Chen,female,A
Jian-Guang Lou,female,A
Zhoujun Li,female,A
Koki Washio,male,A
Satoshi Sekine,female,A
Tsuneaki Kato,female,A
Kang Min Yoo,female,A
Taeuk Kim,female,A
Sang-goo Lee,female,A
Marco Maru,male,HL
Federico Scozzafava,male,HL
Federico Martelli,male,HL
Roberto Navigli,male,HL
Genta Indra Winata,female,A
Zhaojiang Lin,male,A
Jamin Shin,male,A
Zihan Liu,male,A
Pascale Fung,female,A
Baiyun Cui,female,A
Yingming Li,male,A
Ming Chen,male,A
Zhongfei Zhang,male,A
Lukas Lange,male,W_NL
Michael A. Hedderich,male,W_NL
Dietrich Klakow,male,W_NL
Hagai Taitelbaum,male,A
Gal Chechik,male,A
Jacob Goldberger,male,W_NL
Ming Tan,male,A
Yang Yu,male,A
Haoyu Wang,male,A
Dakuo Wang,male,A
Saloni Potdar,female,A
Shiyu Chang,female,A
Mo Yu,male,A
Yunli Wang,female,A
Yu Wu,female,A
Lili Mou,female,A
Zhoujun Li,female,A
Wenhan Chao,male,A
Chih-Te Lai,female,A
Yi-Te Hong,female,A
Hong-You Chen,female,A
Chi-Jen Lu,female,A
Shou-De Lin,female,A
Yufan Jiang,male,A
Chi Hu,female,A
Tong Xiao,male,A
Chunliang Zhang,male,A
Jingbo Zhu,male,A
Esma Balkir,female,A
Masha Naslidnyk,female,A
Dave Palfrey,male,B_NL
Arpit Mittal,male,A
Yu Wang,female,A
Bohan Li,male,A
Junxian He,male,A
Graham Neubig,male,W_NL
Taylor Berg-Kirkpatrick,female,B_NL
Yiming Yang,male,A
Iz Beltagy,male,A
Kyle Lo,male,A
Arman Cohan,male,A
Orion Weller,male,W_NL
Kevin Seppi,male,W_NL
Alham Fikri Aji,male,A
Kenneth Heafield,male,W_NL
Nikolay Bogoychev,male,W_NL
Henry Tsai,male,A
Jason Riesa,male,W_NL
Melvin Johnson,male,B_NL
Naveen Arivazhagan,male,A
Xin Li,female,A
Amelia Archer,female,B_NL
Zijian Zhao,male,A
Su Zhu,female,A
Kai Yu,male,A
Hao Peng,male,A
Roy Schwartz,male,W_NL
Noah A. Smith,male,W_NL
Qingkai Min,male,A
Yuefeng Shi,female,A
Yue Zhang,female,A
Ben Bogin,male,W_NL
Matt Gardner,male,W_NL
Jonathan Berant,male,W_NL
Hiroki Ouchi,female,A
Jun Suzuki,male,A
Kentaro Inui,male,A
Nada Almarwani,female,A
Hanan Aldarmaki,male,A
Mona Diab,female,A
Kurt Junshean Espinosa,male,W_NL
Makoto Miwa,female,A
Sophia Ananiadou,female,A
Yinfei Yang,female,A
Yuan Zhang,male,A
Chris Tar,male,W_NL
Jason Baldridge,male,W_NL
Arman Cohan,male,A
Iz Beltagy,male,A
Daniel King,male,W_NL
Bhavana Dalvi,female,A
Dan Weld,male,W_NL
Laura Harding Graesser,female,W_NL
Kyunghyun Cho,female,A
Douwe Kiela,male,A
Zijian Wang,male,A
Christopher Potts,male,W_NL
Daniel Deutsch,male,W_NL
Dan Roth,male,W_NL
Yang Liu,male,A
Mirella Lapata,female,HL
Shen Gao,male,A
Xiuying Chen,female,A
Piji Li,female,A
Zhangming Chan,male,A
Dongyan Zhao,male,A
Rui Yan,male,A
Peter West,male,W_NL
Ari Holtzman,male,W_NL
Jan Buys,male,W_NL
Yejin Choi,female,A
Xiaoyu Shen,female,A
Yang Zhao,male,A
Hui Su,female,A
Dietrich Klakow,male,W_NL
Bailin Wang,male,A
Ivan Titov,male,HL
Mirella Lapata,female,HL
Sheng Zhang,female,A
Xutai Ma,female,A
Kevin Duh,male,A
Benjamin Van Durme,male,W_NL
Deng Cai,male,A
Wai Lam,male,A
Jonathan Herzig,male,W_NL
Jonathan Berant,male,W_NL
Linmei Hu,female,A
Luhao Zhang,female,A
Chuan Shi,male,A
Liqiang Nie,male,A
Weili Guan,female,A
Cheng Yang,male,A
Dianbo Sui,male,A
Yubo Chen,male,A
Kang Liu,female,A
Jun Zhao,male,A
Shengping Liu,male,A
Qinyuan Ye,male,A
Liyuan Liu,male,A
Maosen Zhang,male,A
Xiang Ren,male,A
Shuai Ma,female,A
Gang Wang,male,A
Yansong Feng,male,A
Jinpeng Huai,male,A
Zhanming Jie,male,A
Wei Lu,male,A
Dor Ringel,male,W_NL
Gal Lavee,male,A
Ido Guy,male,A
Kira Radinsky,female,W_NL
Oren Melamud,male,W_NL
Mihaela Bornea,female,W_NL
Ken Barker,male,W_NL
Zornitsa Kozareva,female,HL
Sujith Ravi,male,A
Ruiying Geng,male,A
Binhua Li,male,A
Yongbin Li,male,A
Xiaodan Zhu,male,A
Ping Jian,male,A
Jian Sun,male,A
Wenpeng Yin,male,A
Jamaal Hay,male,B_NL
Dan Roth,male,W_NL
Tao Li,male,A
Vivek Gupta,male,A
Maitrey Mehta,female,A
Vivek Srikumar,male,A
Alexey Tikhonov,male,W_NL
Viacheslav Shibaev,male,A
Aleksander Nagaev,male,A
Aigul Nugmanova,female,HL
Ivan P. Yamshchikov,male,HL
Le Fang,female,A
Chunyuan Li,male,A
Jianfeng Gao,male,A
Wen Dong,male,A
Changyou Chen,male,A
Zhenjie Zhao,male,A
Xiaojuan Ma,male,A
Cristina Garbacea,female,HL
Samuel Carton,male,B_NL
Shiyan Yan,male,A
Qiaozhu Mei,female,A
Nils Reimers,male,W_NL
Iryna Gurevych,female,W_NL
Nontawat Charoenphakdee,female,A
Jongyeong Lee,male,A
Yiping Jin,female,A
Dittaya Wanvarie,female,HL
Masashi Sugiyama,female,A
Liang Wang,male,A
Wei Zhao,male,A
Ruoyu Jia,female,A
Sujian Li,male,A
Jingming Liu,male,A
Hugh Perkins,male,W_NL
Yi Yang,female,A
Sahil Garg,male,A
Aram Galstyan,male,A
Greg Ver Steeg,male,W_NL
Guillermo Cecchi,male,HL
Danilo Croce,male,A
Daniele Rossini,male,W_NL
Roberto Basili,male,HL
Dong Qian,male,A
William K. Cheung,male,A
Ameya Prabhu,female,A
Charles Dognin,male,W_NL
Maneesh Singh,male,A
Christopher Clark,male,W_NL
Mark Yatskar,male,A
Luke Zettlemoyer,male,W_NL
Po-Sen Huang,male,A
Robert Stanforth,male,W_NL
Johannes Welbl,male,W_NL
Chris Dyer,male,W_NL
Dani Yogatama,female,A
Sven Gowal,male,W_NL
Krishnamurthy Dvijotham,male,A
Pushmeet Kohli,male,A
Mo Yu,male,A
Shiyu Chang,female,A
Yang Zhang,male,A
Tommi Jaakkola,male,A
Matthieu Labeau,male,A
Shay B. Cohen,female,W_NL
Leyang Cui,female,A
Yue Zhang,female,A
Robin Jia,male,A
Aditi Raghunathan,female,A
Kerem Göksel,male,A
Percy Liang,male,A
Yaru Hao,female,A
Li Dong,male,A
Furu Wei,female,A
Ke Xu,male,A
Sachin Kumar,male,A
Shuly Wintner,female,W_NL
Noah A. Smith,male,W_NL
Yulia Tsvetkov,male,A
Shashank Srivastava,male,A
Igor Labutov,male,W_NL
Tom Mitchell,male,B_NL
Hila Gonen,female,A
Yoav Goldberg,male,W_NL
Angela Fan,female,A
Claire Gardent,female,B_NL
Chloé Braud,female,W_NL
Antoine Bordes,male,B_NL
Huiyun Yang,female,A
Shujian Huang,male,A
Xin-Yu Dai,male,A
Jiajun Chen,male,A
Lijun Wu,female,A
Yiren Wang,female,A
Yingce Xia,female,A
Tao Qin,male,A
Jianhuang Lai,male,A
Tie-Yan Liu,male,A
Mingyang Chen,male,A
Wen Zhang,male,A
Wei Zhang,male,A
Qiang Chen,male,A
Huajun Chen,male,A
Yonatan Oren,male,A
Shiori Sagawa,female,A
Tatsunori Hashimoto,female,A
Percy Liang,male,A
Xiaochuang Han,male,A
Jacob Eisenstein,male,W_NL
John P. Lalor,male,W_NL
Hao Wu,male,A
Hong Yu,female,A
Abhijeet Awasthi,male,A
Sunita Sarawagi,female,A
Rasna Goyal,female,A
Sabyasachi Ghosh,male,A
Vihari Piratla,male,A
Pei Ke,male,A
Fei Huang,male,A
Minlie Huang,female,A
Xiaoyan Zhu,male,A
Xuezhe Ma,female,A
Chunting Zhou,female,A
Xian Li,male,A
Graham Neubig,male,W_NL
Eduard Hovy,male,W_NL
Yuanpeng Li,male,A
Liang Zhao,male,A
Jianyu Wang,male,A
Joel Hestness,male,W_NL
Vid Kocijan,male,A
Oana-Maria Camburu,female,A
Ana-Maria Cretu,female,HL
Yordan Yordanov,male,A
Phil Blunsom,male,B_NL
Thomas Lukasiewicz,male,W_NL
Armins Stepanjans,male,B_NL
André Freitas,male,HL
Siqi Sun,female,A
Yu Cheng,female,A
Zhe Gan,male,A
Jingjing Liu,female,A
Prince Zizhuang Wang,male,A
William Yang Wang,male,A
Yao-Hung Hubert Tsai,male,A
Shaojie Bai,female,A
Makoto Yamada,male,HL
Louis-Philippe Morency,male,B_NL
Ruslan Salakhutdinov,male,W_NL
Jiawei Wu,male,A
Wenhan Xiong,male,A
William Yang Wang,male,A
Olga Kovaleva,female,HL
Alexey Romanov,male,W_NL
Anna Rogers,female,W_NL
Anna Rumshisky,female,W_NL
Lijun Wu,female,A
Jinhua Zhu,female,A
Di He,female,A
Fei Gao,male,A
Tao Qin,male,A
Jianhuang Lai,male,A
Tie-Yan Liu,male,A
Jason Lee,male,A
Kyunghyun Cho,female,A
Douwe Kiela,male,A
Elena Voita,female,HL
Rico Sennrich,male,A
Ivan Titov,male,HL
Ivan Vulić,male,A
Goran Glavaš,male,W_NL
Roi Reichart,male,W_NL
Anna Korhonen,female,W_NL
Haozhou Wang,male,A
James Henderson,male,B_NL
Paola Merlo,female,HL
Hsiu-Wei Yang,female,A
Yanyan Zou,male,A
Peng Shi,male,A
Wei Lu,male,A
Jimmy Lin,male,A
Xu Sun,male,A
Mitra Mohtarami,female,A
James Glass,male,W_NL
Preslav Nakov,male,A
Sarthak Garg,male,A
Stephan Peitz,male,W_NL
Udhyakumar Nallasamy,male,A
Matthias Paulik,male,W_NL
Maarten Sap,male,A
Hannah Rashkin,female,W_NL
Derek Chen,male,A
Ronan Le Bras,male,A
Yejin Choi,female,A
Yichen Jiang,male,A
Mohit Bansal,male,A
Atticus Geiger,male,W_NL
Ignacio Cases,male,HL
Lauri Karttunen,male,W_NL
Christopher Potts,male,W_NL
Bhavana Dalvi,female,A
Niket Tandon,male,A
Antoine Bosselut,male,B_NL
Wen-tau Yih,female,A
Peter Clark,male,W_NL
Koustuv Sinha,male,A
Shagun Sodhani,female,A
Jin Dong,male,A
Joelle Pineau,female,W_NL
William L. Hamilton,male,W_NL
Bill Byrne,male,W_NL
Karthik Krishnamoorthi,male,A
Chinnadhurai Sankar,male,A
Arvind Neelakantan,male,A
Ben Goodrich,male,W_NL
Daniel Duckworth,male,W_NL
Semih Yavuz,male,A
Amit Dubey,male,A
Kyu-Young Kim,female,A
Andy Cedilnik,male,A
Denis Peskov,male,W_NL
Nancy Clarke,female,W_NL
Jason Krone,male,W_NL
Brigi Fodor,male,W_NL
Yi Zhang,male,A
Adel Youssef,male,A
Mona Diab,female,A
Emily Dinan,female,W_NL
Samuel Humeau,male,B_NL
Bharath Chintagunta,male,A
Jason Weston,male,W_NL
Jun Quan,male,A
Deyi Xiong,male,A
Bonnie Webber,female,W_NL
Changjian Hu,male,A
Zehao Lin,male,A
Xinjing Huang,female,A
Feng Ji,male,A
Haiqing Chen,male,A
Yin Zhang,female,A
Chen Zhang,male,A
Qiuchi Li,female,A
Dawei Song,male,A
Ming Liao,male,A
Jing Li,female,A
Haisong Zhang,male,A
Lingzhi Wang,female,A
Xixin Wu,male,A
Kam-Fai Wong,male,A
Zheng Li,male,A
Xin Li,female,A
Ying Wei,female,A
Lidong Bing,male,A
Yu Zhang,female,A
Qiang Yang,male,A
Mengting Hu,female,A
Shiwan Zhao,male,A
Li Zhang,female,A
Keke Cai,female,A
Zhong Su,male,A
Renhong Cheng,male,A
Xiaowei Shen,female,A
Giannis Karamanolakis,male,W_NL
Daniel Hsu,male,A
Luis Gravano,male,HL
Julia Kruk,female,W_NL
Jonah Lubin,male,B_NL
Karan Sikka,male,A
Xiao Lin,female,A
Dan Jurafsky,male,W_NL
Ajay Divakaran,male,A
Xingshan Zeng,male,A
Jing Li,female,A
Lu Wang,female,A
Kam-Fai Wong,male,A
Lianwei Wu,male,A
Yuan Rao,male,A
Haolin Jin,male,A
Ambreen Nazir,female,A
Ling Sun,female,A
Jing Yi Xie,female,A
Renato Ferreira Pinto Junior,male,HL
Graeme Hirst,male,W_NL
Yang Xu,male,A
Bei Yu,female,A
Yingya Li,female,A
Jun Wang,male,A
Nedjma Ousidhoum,female,A
Zizheng Lin,male,A
Hongming Zhang,male,A
Yangqiu Song,male,A
Dit-Yan Yeung,female,A
Isabelle Augenstein,female,W_NL
Christina Lioma,female,A
Dongsheng Wang,male,A
Lucas Chaves Lima,male,HL
Casper Hansen,male,W_NL
Christian Hansen,male,W_NL
Jakob Grue Simonsen,male,W_NL
Zenan Xu,male,A
Qinliang Su,male,A
Xiaojun Quan,male,A
Weijia Zhang,female,A
Marco Del Tredici,male,HL
Diego Marcheggiani,male,HL
Sabine Schulte im Walde,female,W_NL
Raquel Fernández,male,HL
Shrey Desai,male,A
Barea Sinno,female,A
Alex Rosenfeld,male,W_NL
Junyi Jessy Li,female,A
Binxuan Huang,male,A
Kathleen Carley,female,W_NL
Jonathan P. Chang,male,A
Cristian Danescu-Niculescu-Mizil,male,HL
Jing Qian,female,A
Anna Bethke,female,W_NL
Yinyin Liu,female,A
Elizabeth Belding,female,W_NL
William Yang Wang,male,A
Ruiqi Zhong,female,A
Yanda Chen,female,A
Desmond Patton,male,B_NL
Charlotte Selous,female,B_NL
Kathy McKeown,female,W_NL
Ella Rabinovich,female,W_NL
Masih Sultani,male,A
Suzanne Stevenson,female,W_NL
Penghui Wei,male,A
Nan Xu,female,A
Wenji Mao,male,A
Han Liu,male,A
Xiaotong Zhang,female,A
Lu Fan,female,A
Xuandi Fu,female,A
Qimai Li,female,A
Xiao-Ming Wu,male,A
Albert Y.S. Lam,male,A
Shuqing Bian,female,A
Wayne Xin Zhao,male,A
Yang Song,male,A
Tao Zhang,male,A
Ji-Rong Wen,female,A
Hu Linmei,male,A
Tianchi Yang,female,A
Chuan Shi,male,A
Houye Ji,female,A
Xiaoli Li,female,A
Elissa Redmiles,female,W_NL
Lisa Maszkiewicz,female,W_NL
Emily Hwang,female,A
Dhruv Kuchhal,male,A
Everest Liu,male,A
Miraida Morales,female,HL
Denis Peskov,male,W_NL
Sudha Rao,female,A
Rock Stevens,male,W_NL
Kristina Gligorić,female,W_NL
Sean Kross,male,W_NL
Michelle Mazurek,female,W_NL
Hal Daumé III,male,B_NL
Ye Ma,female,A
Lu Zong,female,A
Yikang Yang,male,A
Jionglong Su,female,A
Sian Gooding,female,B_NL
Ekaterina Kochmar,female,A
Sara Rosenthal,female,W_NL
Ken Barker,male,W_NL
Zhicheng Liang,male,A
Chuhan Wu,male,A
Fangzhao Wu,male,A
Mingxiao An,male,A
Tao Qi,male,A
Jianqiang Huang,male,A
Yongfeng Huang,male,A
Xing Xie,female,A
Chuhan Wu,male,A
Fangzhao Wu,male,A
Tao Qi,male,A
Suyu Ge,female,A
Yongfeng Huang,male,A
Xing Xie,female,A
Xiao Ding,male,A
Kuo Liao,male,A
Ting Liu,female,A
Zhongyang Li,male,A
Junwen Duan,female,A
Yichao Zhou,male,A
Jyun-Yu Jiang,female,A
Kai-Wei Chang,male,A
Wei Wang,male,A
Siqing Li,female,A
Wayne Xin Zhao,male,A
Eddy Jing Yin,male,A
Ji-Rong Wen,female,A
Fenia Christopoulou,female,A
Makoto Miwa,female,A
Sophia Ananiadou,female,A
Mingyue Shang,female,A
Piji Li,female,A
Zhenxin Fu,male,A
Lidong Bing,male,A
Dongyan Zhao,male,A
Shuming Shi,male,A
Rui Yan,male,A
Abhilasha Ravichander,female,A
Alan W Black,male,W_NL
Shomir Wilson,male,B_NL
Thomas Norton,male,W_NL
Norman Sadeh,male,A
Zhangming Chan,male,A
Xiuying Chen,female,A
Yongliang Wang,male,A
Juntao Li,male,A
Zhiqiang Zhang,male,A
Kun Gai,male,A
Dongyan Zhao,male,A
Rui Yan,male,A
Hailong Jin,male,A
Lei Hou,female,A
Juanzi Li,male,A
Tiansi Dong,male,A
Nan Du,female,A
Mingqiu Wang,male,A
Linh Tran,female,A
Gang Lee,male,A
Izhak Shafran,male,A
Moontae Lee,female,A
Sungjun Cho,female,A
David Bindel,male,W_NL
David Mimno,male,W_NL
Xuchao Zhang,male,A
Dheeraj Rajagopal,male,A
Michael Gamon,male,HL
Sujay Kumar Jauhar,male,A
ChangTien Lu,male,A
Prabhu Kaliamoorthi,male,A
Sujith Ravi,male,A
Zornitsa Kozareva,female,HL
Gyuwan Kim,male,A
Xinzhu Lin,female,A
Xiahui He,female,A
Qin Chen,female,A
Huaixiao Tou,male,A
Zhongyu Wei,male,A
Ting Chen,female,A
Lianhui Qin,female,A
Antoine Bosselut,male,B_NL
Ari Holtzman,male,W_NL
Chandra Bhagavatula,female,A
Elizabeth Clark,female,W_NL
Yejin Choi,female,A
Eric Malmi,male,W_NL
Sebastian Krause,male,W_NL
Sascha Rothe,female,W_NL
Daniil Mirylenka,male,A
Aliaksei Severyn,male,A
Weichao Wang,male,A
Shi Feng,female,A
Daling Wang,male,A
Yifei Zhang,male,A
Ze Yang,male,A
Can Xu,male,A
Wei Wu,male,A
Zhoujun Li,female,A
Hongyin Tang,female,A
Miao Li,female,A
Beihong Jin,female,A
Hao Tan,male,A
Mohit Bansal,male,A
Jiacheng Liu,male,A
Julia Hockenmaier,female,W_NL
Xintong Yu,female,A
Hongming Zhang,male,A
Yangqiu Song,male,A
Yan Song,male,A
Changshui Zhang,female,A
Weiying Wang,female,A
Yongcheng Wang,male,A
Shizhe Chen,female,A
Qin Jin,female,A
Chujie Lu,male,A
Long Chen,male,A
Chilie Tan,female,A
Xiaolin Li,male,A
Jun Xiao,male,A
Zihan Wang,male,A
Jingbo Shang,male,A
Liyuan Liu,male,A
Lihao Lu,male,A
Jiacheng Liu,male,A
Jiawei Han,male,A
Aditi Chaudhary,female,A
Jiateng Xie,female,A
Zaid Sheikh,male,A
Graham Neubig,male,W_NL
Jaime Carbonell,male,HL
Lee Xiong,male,A
Chuan Hu,male,A
Chenyan Xiong,male,A
Daniel Campos,male,HL
Arnold Overwijk,male,W_NL
Ivana Balazevic,female,HL
Carl Allen,male,B_NL
Timothy Hospedales,male,B_NL
Piyawat Lertvittayakumjorn,male,A
Francesca Toni,female,W_NL
He Zhao,male,A
Zhunchen Luo,female,A
Chong Feng,male,A
Anqing Zheng,male,A
Xiaopeng Liu,male,A
Paarth Neekhara,male,A
Shehzeen Hussain,female,A
Shlomo Dubnov,male,W_NL
Farinaz Koushanfar,male,A
Wei Dong,male,A
Qinliang Su,male,A
Dinghan Shen,male,A
Changyou Chen,male,A
Shulong Tan,male,A
Zhixin Zhou,male,A
Zhaozhuo Xu,female,A
Ping Li,male,A
Hongming Zhang,male,A
Jiaxin Bai,male,A
Yan Song,male,A
Kun Xu,male,A
Changlong Yu,male,A
Yangqiu Song,male,A
Wilfred Ng,male,A
Dong Yu,male,A
Yukun Ma,female,A
Patrick H. Chen,male,A
Cho-Jui Hsieh,female,A
Rowan Hall Maudslay,male,B_NL
Hila Gonen,female,A
Ryan Cotterell,male,W_NL
Simone Teufel,female,W_NL
Pei Zhou,male,A
Weijia Shi,female,A
Jieyu Zhao,female,A
Kuan-Hao Huang,male,A
Muhao Chen,male,A
Ryan Cotterell,male,W_NL
Kai-Wei Chang,male,A
Yogarshi Vyas,male,A
Marine Carpuat,female,W_NL
Christian Hadiwinoto,male,HL
Hwee Tou Ng,female,A
Wee Chung Gan,male,A
Eric Wallace,male,B_NL
Yizhong Wang,male,A
Sujian Li,male,A
Sameer Singh,male,A
Matt Gardner,male,W_NL
Qian Liu,male,A
Bei Chen,female,A
Haoyan Liu,male,A
Jian-Guang Lou,female,A
Lei Fang,female,A
Bin Zhou,male,A
Dongmei Zhang,female,A
Yanyan Zou,male,A
Wei Lu,male,A
Rui Zhang,male,A
Tao Yu,male,A
Heyang Er,male,A
Sungrok Shim,male,A
Eric Xue,male,A
Xi Victoria Lin,female,A
Tianze Shi,female,A
Caiming Xiong,male,A
Richard Socher,male,W_NL
Dragomir Radev,male,W_NL
Shexia He,female,A
Zuchao Li,male,A
Hai Zhao,male,A
Alexei Baevski,male,HL
Sergey Edunov,male,W_NL
Yinhan Liu,female,A
Luke Zettlemoyer,male,W_NL
Michael Auli,male,W_NL
Jinfeng Rao,male,A
Linqing Liu,female,A
Yi Tay,female,A
Wei Yang,male,A
Peng Shi,male,A
Jimmy Lin,male,A
Qingrong Xia,female,A
Zhenghua Li,female,A
Min Zhang,male,A
Yuki Arase,female,A
Jun’ichi Tsujii,female,A
Zhen Dong,male,A
Shizhao Sun,male,A
Hongzhi Liu,male,A
Jian-Guang Lou,female,A
Dongmei Zhang,female,A
Xinchi Chen,male,A
Chunchuan Lyu,male,A
Ivan Titov,male,HL
Srinivasan Iyer,male,A
Alvin Cheung,male,A
Luke Zettlemoyer,male,W_NL
Rajas Agashe,male,A
Srinivasan Iyer,male,A
Luke Zettlemoyer,male,W_NL
Ziyu Yao,male,A
Yu Su,female,A
Huan Sun,male,A
Wen-tau Yih,female,A
Jie Zhu,male,A
Junhui Li,male,A
Muhua Zhu,male,A
Longhua Qian,female,A
Min Zhang,male,A
Guodong Zhou,male,A
Binxuan Huang,male,A
Kathleen Carley,female,W_NL
Hao Li,male,A
Wei Lu,male,A
Chunning Du,male,A
Haifeng Sun,male,A
Jingyu Wang,female,A
Qi Qi,male,A
Jianxin Liao,male,A
Tong Xu,male,A
Ming Liu,male,A
Xiabing Zhou,female,A
Zhongqing Wang,male,A
Shoushan Li,male,A
Guodong Zhou,male,A
Min Zhang,male,A
Pengcheng Yang,male,A
Junyang Lin,male,A
Jingjing Xu,male,A
Jun Xie,male,A
Qi Su,male,A
Xu Sun,male,A
Jingjing Xu,male,A
Liang Zhao,male,A
Hanqi Yan,male,A
Qi Zeng,male,A
Yun Liang,female,A
Xu Sun,male,A
Zhe Zhang,male,A
Munindar Singh,male,A
Alexandre Garcia,male,HL
Pierre Colombo,male,HL
Florence d’Alché-Buc,female,B_NL
Slim Essid,male,A
Chloé Clavel,female,B_NL
Prathusha K Sarma,female,A
Yingyu Liang,female,A
William Sethares,male,W_NL
Mengting Hu,female,A
Yike Wu,female,A
Shiwan Zhao,male,A
Honglei Guo,male,A
Renhong Cheng,male,A
Zhong Su,male,A
Yunlong Liang,male,A
Fandong Meng,male,A
Jinchao Zhang,male,A
Jinan Xu,male,A
Yufeng Chen,female,A
Jie Zhou,male,A
Jingjing Wang,female,A
Changlong Sun,male,A
Shoushan Li,male,A
Jiancheng Wang,male,A
Luo Si,male,A
Min Zhang,male,A
Xiaozhong Liu,male,A
Guodong Zhou,male,A
Matan Orbach,male,W_NL
Yonatan Bilu,male,A
Ariel Gera,male,HL
Yoav Kantor,male,A
Lena Dankin,female,B_NL
Tamar Lavee,female,A
Lili Kotlerman,female,A
Shachar Mirkin,male,A
Michal Jacovi,male,W_NL
Ranit Aharonov,male,A
Noam Slonim,male,W_NL
Reinald Kim Amplayo,male,A
Chuang Fan,male,A
Hongyu Yan,female,A
Jiachen Du,male,A
Lin Gui,female,A
Lidong Bing,male,A
Min Yang,male,A
Ruifeng Xu,male,A
Ruibin Mao,male,A
Assaf Toledo,male,HL
Shai Gretz,male,A
Edo Cohen-Karlik,male,A
Roni Friedman,male,W_NL
Elad Venezian,male,HL
Dan Lahav,male,A
Michal Jacovi,male,W_NL
Ranit Aharonov,male,A
Noam Slonim,male,W_NL
Giovanni Da San Martino,male,HL
Seunghak Yu,male,A
Alberto Barrón-Cedeño,male,HL
Rostislav Petrov,male,W_NL
Preslav Nakov,male,A
Dushyant Singh Chauhan,male,A
Md Shad Akhtar,male,A
Asif Ekbal,male,A
Pushpak Bhattacharyya,male,A
Avinash Madasu,male,A
Vijjini Anvesh Rao,male,A
Esin Durmus,female,B_NL
Faisal Ladhak,male,A
Claire Cardie,female,W_NL
Kai Sun,male,A
Richong Zhang,male,A
Samuel Mensah,male,B_NL
Yongyi Mao,male,A
Xudong Liu,male,A
Guanlin Li,male,A
Lemao Liu,male,A
Guoping Huang,male,A
Conghui Zhu,female,A
Tiejun Zhao,male,A
Kyra Yee,female,A
Yann Dauphin,male,B_NL
Michael Auli,male,W_NL
Julian Eisenschlos,male,HL
Sebastian Ruder,male,W_NL
Piotr Czapla,male,W_NL
Marcin Kadras,male,W_NL
Sylvain Gugger,male,W_NL
Jeremy Howard,male,W_NL
Zhuohan Li,male,A
Zi Lin,female,A
Di He,female,A
Fei Tian,male,A
Tao Qin,male,A
Liwei Wang,female,A
Tie-Yan Liu,male,A
Adam Fisch,male,W_NL
Jiang Guo,male,A
Regina Barzilay,female,W_NL
Yuxuan Wang,female,A
Wanxiang Che,male,A
Jiang Guo,male,A
Yijia Liu,female,A
Ting Liu,female,A
Wenjuan Han,male,A
Ge Wang,male,A
Yong Jiang,male,A
Kewei Tu,male,A
Adina Williams,female,B_NL
Damian Blasi,male,W_NL
Lawrence Wolf-Sonkin,male,W_NL
Hanna Wallach,female,W_NL
Ryan Cotterell,male,W_NL
Vinodkumar Prabhakaran,male,A
Ben Hutchinson,male,B_NL
Margaret Mitchell,female,B_NL
Serina Chang,female,A
Kathy McKeown,female,W_NL
Aida Mostafazadeh Davani,female,A
Leigh Yeh,female,A
Mohammad Atari,male,A
Brendan Kennedy,male,W_NL
Gwenyth Portillo Wightman,female,W_NL
Elaine Gonzalez,female,HL
Natalie Delong,female,A
Rhea Bhatia,female,A
Arineh Mirinjian,female,A
Xiang Ren,male,A
Morteza Dehghani,male,A
Jun Saito,male,A
Yugo Murawaki,male,A
Sadao Kurohashi,male,A
Haoran Yan,male,A
Xiaolong Jin,male,A
Xiangbin Meng,male,A
Jiafeng Guo,male,A
Xueqi Cheng,female,A
Simon Razniewski,male,A
Nitisha Jain,female,A
Paramita Mirza,female,A
Gerhard Weikum,male,W_NL
Xiaozhi Wang,female,A
Ziqi Wang,female,A
Xu Han,male,A
Zhiyuan Liu,male,A
Juanzi Li,male,A
Peng Li,male,A
Maosong Sun,male,A
Jie Zhou,male,A
Xiang Ren,male,A
David Wadden,male,W_NL
Ulme Wennberg,female,W_NL
Yi Luan,male,A
Hannaneh Hajishirzi,female,A
Wei Shi,male,A
Vera Demberg,female,W_NL
Naoki Kobayashi,female,A
Tsutomu Hirao,female,A
Kengo Nakamura,male,A
Hidetaka Kamigaito,female,A
Manabu Okumura,male,A
Masaaki Nagata,female,A
Mandar Joshi,male,A
Omer Levy,male,W_NL
Luke Zettlemoyer,male,W_NL
Daniel Weld,male,W_NL
Dongyeop Kang,male,A
Eduard Hovy,male,W_NL
Kazuma Kadowaki,female,A
Ryu Iida,male,A
Kentaro Torisawa,male,A
Jong-Hoon Oh,male,A
Julien Kloetzer,male,W_NL
Ji Xin,female,A
Jimmy Lin,male,A
Yaoliang Yu,male,A
Marten van Schijndel,male,W_NL
Aaron Mueller,male,W_NL
Tal Linzen,male,W_NL
Mostafa Abdou,male,A
Artur Kulmizev,male,A
Felix Hill,male,B_NL
Daniel M. Low,male,W_NL
Anders Søgaard,male,W_NL
John Hale,male,W_NL
Adhiguna Kuncoro,female,A
Keith Hall,male,W_NL
Chris Dyer,male,W_NL
Jonathan Brennan,male,W_NL
Steven Derby,male,W_NL
Paul Miller,male,W_NL
Barry Devereux,male,W_NL
Arijit Ray,male,A
Karan Sikka,male,A
Ajay Divakaran,male,A
Stefan Lee,male,A
Giedrius Burachas,male,B_NL
Zixian Huang,male,A
Yulin Shen,male,A
Xiao Li,female,A
Yu’ang Wei,female,A
Gong Cheng,male,A
Lin Zhou,female,A
Xinyu Dai,female,A
Yuzhong Qu,male,A
Matthew Le,male,A
Y-Lan Boureau,female,A
Maximilian Nickel,male,W_NL
Zhiguo Wang,male,A
Patrick Ng,male,A
Xiaofei Ma,female,A
Ramesh Nallapati,male,A
Bing Xiang,male,A
Yiming Cui,male,A
Ting Liu,female,A
Wanxiang Che,male,A
Li Xiao,female,A
Zhipeng Chen,male,A
Wentao Ma,male,A
Shijin Wang,male,A
Guoping Hu,male,A
Hojae Han,female,A
Seungtaek Choi,male,A
Haeju Park,female,A
Seung-won Hwang,male,A
Delai Qiu,female,A
Yuanzhe Zhang,female,A
Xinwei Feng,male,A
Xiangwen Liao,female,A
Wenbin Jiang,male,A
Yajuan Lyu,male,A
Kang Liu,female,A
Jun Zhao,male,A
Thomas Mueller,male,W_NL
Francesco Piccinno,male,HL
Peter Shaw,male,W_NL
Massimo Nicosia,male,HL
Yasemin Altun,female,A
Sawan Kumar,male,A
Shweta Garg,female,A
Kartik Mehta,male,A
Nikhil Rasiwasia,male,A
Ahmed Elgohary,male,A
Denis Peskov,male,W_NL
Jordan Boyd-Graber,male,W_NL
Pradeep Dasigi,male,A
Nelson F. Liu,male,A
Ana Marasović,female,HL
Noah A. Smith,male,W_NL
Matt Gardner,male,W_NL
Tsung-Yuan Hsu,female,A
Chi-Liang Liu,male,A
Hung-yi Lee,female,A
Oyvind Tafjord,male,B_NL
Matt Gardner,male,W_NL
Kevin Lin,male,A
Peter Clark,male,W_NL
Daniel Andor,male,W_NL
Luheng He,female,A
Kenton Lee,male,A
Emily Pitler,female,W_NL
Tuan Lai,male,A
Quan Hung Tran,male,A
Trung Bui,male,A
Daisuke Kihara,male,A
Hong-Ren Mao,female,A
Hung-Yi Lee,female,A
Abram Handler,male,W_NL
Brendan O’Connor,male,W_NL
Bodhisattwa Prasad Majumder,male,A
Shuyang Li,female,A
Jianmo Ni,male,A
Julian McAuley,male,W_NL
Jiazuo Qiu,female,A
Deyi Xiong,male,A
Huanru Henry Mao,male,A
Bodhisattwa Prasad Majumder,male,A
Julian McAuley,male,W_NL
Garrison Cottrell,male,W_NL
Shantipriya Parida,female,A
Petr Motlicek,male,W_NL
Mika Hämäläinen,female,A
Khalid Alnajjar,male,A
Stratos Xenouleas,male,HL
Prodromos Malakasiotis,male,HL
Marianna Apidianaki,female,A
Ion Androutsopoulos,male,HL
Wanyu Du,male,A
Yangfeng Ji,male,A
Matt Grenander,male,W_NL
Yue Dong,male,A
Jackie Chi Kit Cheung,male,A
Annie Louis,female,B_NL
Harsh Jhamtani,male,A
Sanket Vaibhav Mehta,male,A
Jaime Carbonell,male,HL
Taylor Berg-Kirkpatrick,female,B_NL
Wenjie Zhou,female,A
Minghua Zhang,female,A
Yunfang Wu,female,A
Siyao Li,female,A
Deren Lei,male,A
Pengda Qin,male,A
William Yang Wang,male,A
Dongjun Lee,male,A
James Mullenbach,male,W_NL
Jonathan Gordon,male,W_NL
Nanyun Peng,male,A
Jonathan May,male,W_NL
Bo Shao,male,A
Yeyun Gong,female,A
Weizhen Qi,male,A
Nan Duan,female,A
Xiaola Lin,female,A
Ting-Yun Chang,female,A
Yun-Nung Chen,female,A
Chul Sung,male,A
Tejas Dhamecha,male,A
Swarnadeep Saha,male,A
Tengfei Ma,male,A
Vinay Reddy,male,A
Rishi Arora,male,A
Niket Tandon,male,A
Bhavana Dalvi,female,A
Keisuke Sakaguchi,male,A
Peter Clark,male,W_NL
Antoine Bosselut,male,B_NL
Nanjiang Jiang,female,A
Marie-Catherine de Marneffe,female,W_NL
Soumya Sharma,female,A
Bishal Santra,male,A
Abhik Jana,male,W_NL
Santosh Tokala,male,A
Niloy Ganguly,male,A
Pawan Goyal,male,A
Francisco Guzmán,male,HL
Peng-Jen Chen,female,A
Myle Ott,female,B_NL
Juan Pino,male,HL
Guillaume Lample,male,B_NL
Philipp Koehn,male,W_NL
Vishrav Chaudhary,male,A
Marc’Aurelio Ranzato,male,HL
Marjan Ghazvininejad,male,A
Omer Levy,male,W_NL
Yinhan Liu,female,A
Luke Zettlemoyer,male,W_NL
Xuancheng Huang,male,A
Yang Liu,male,A
Huanbo Luan,male,A
Jingfang Xu,female,A
Maosong Sun,male,A
Yupei Du,female,A
Yuanbin Wu,male,A
Man Lan,male,A
Abhijit Mishra,male,A
Tarun Tater,male,A
Karthik Sankaranarayanan,male,A
Zhichao Yang,male,A
Pengshan Cai,male,A
Yansong Feng,male,A
Fei Li,male,A
Weijiang Feng,male,A
Elena Suet-Ying Chiu,female,A
Hong Yu,female,A
Litton J Kurisinkel,male,B_NL
Nancy Chen,female,A
Shraddha Barke,female,A
Rose Kunkel,female,W_NL
Nadia Polikarpova,female,A
Eric Meinhardt,male,W_NL
Eric Bakovic,male,W_NL
Leon Bergen,male,W_NL
Zhuoren Jiang,male,A
Zhe Gao,male,A
Guoxiu He,female,A
Yangyang Kang,female,A
Changlong Sun,male,A
Qiong Zhang,female,A
Luo Si,male,A
Xiaozhong Liu,male,A
Ying Lin,female,A
Heng Ji,male,A
Qiang Ning,male,A
Sanjay Subramanian,male,A
Dan Roth,male,W_NL
Hongliang Dai,male,A
Donghong Du,female,A
Xin Li,female,A
Yangqiu Song,male,A
Bailin Wang,male,A
Wei Lu,male,A
Kosuke Akimoto,male,A
Takuya Hiraoka,female,A
Kunihiko Sadamasa,male,A
Mathias Niepert,male,W_NL
Hongyu Lin,female,A
Yaojie Lu,male,A
Xianpei Han,male,A
Le Sun,female,A
Bin Dong,male,A
Shanshan Jiang,male,A
Michel Schwab,male,W_NL
Robert Jäschke,male,W_NL
Frank Fischer,male,W_NL
Jannik Strötgen,male,W_NL
Taiki Watanabe,female,A
Akihiro Tamura,male,A
Takashi Ninomiya,male,A
Takuya Makino,female,A
Tomoya Iwakura,female,A
Tianyu Gao,male,A
Xu Han,male,A
Hao Zhu,male,A
Zhiyuan Liu,male,A
Peng Li,male,A
Maosong Sun,male,A
Jie Zhou,male,A
Stephen Mayhew,male,W_NL
Tatiana Tsygankova,female,HL
Dan Roth,male,W_NL
Sangnie Bhardwaj,female,A
Samarth Aggarwal,male,A
Mausam Mausam,male,A
Barun Patra,male,A
Joel Ruben Antony Moniz,male,W_NL
Gaku Morio,male,A
Ryo Egawa,female,A
Katsuhide Fujita,female,A
Qingnan Jiang,male,A
Lei Chen,female,A
Ruifeng Xu,male,A
Xiang Ao,male,A
Min Yang,male,A
Hao Wang,male,A
Bing Liu,male,A
Chaozhuo Li,female,A
Yan Yang,male,A
Tianrui Li,female,A
Chen Liu,male,A
Muhammad Osama,male,A
Anderson De Andrade,male,HL
Yingjie Li,female,A
Cornelia Caragea,female,HL
Xin Dong,male,A
Gerard de Melo,male,HL
Canasai Kruengkrai,female,A
Taro Miyazaki,male,A
Kiminobu Makino,female,A
Yuka Takei,female,A
Hiroki Okamoto,female,A
Jun Goto,male,A
Miriam Hurtado Bodell,male,HL
Martin Arvidsson,male,W_NL
Måns Magnusson,male,W_NL
Maria Barrett,female,HL
Yova Kementchedjhieva,female,HL
Yanai Elazar,female,A
Desmond Elliott,male,B_NL
Anders Søgaard,male,W_NL
Jasabanta Patro,male,A
Srijan Bansal,male,A
Animesh Mukherjee,male,A
Lisa Fan,female,A
Marshall White,male,B_NL
Eva Sharma,female,A
Ruisi Su,female,A
Prafulla Kumar Choubey,male,A
Ruihong Huang,female,A
Lu Wang,female,A
William Ferreira,male,HL
Andreas Vlachos,male,W_NL
Jack Merullo,male,W_NL
Luke Yeh,male,A
Abram Handler,male,W_NL
Alvin Grissom II,male,B_NL
Brendan O’Connor,male,W_NL
Mohit Iyyer,male,A
Huajie Chen,female,A
Deng Cai,male,A
Wei Dai,male,A
Zehui Dai,female,A
Yadong Ding,male,A
Yannis Assael,male,HL
Thea Sommerschield,female,B_NL
Jonathan Prag,male,W_NL
Zhenjie Zhao,male,A
Andrew Cattle,male,W_NL
Evangelos Papalexakis,male,W_NL
Xiaojuan Ma,male,A
Jason Wei,male,A
Kai Zou,male,A
Chuhan Wu,male,A
Fangzhao Wu,male,A
Suyu Ge,female,A
Tao Qi,male,A
Yongfeng Huang,male,A
Xing Xie,female,A
Xiaolei Huang,male,A
Jonathan May,male,W_NL
Nanyun Peng,male,A
Dongyu Zhang,male,A
Heting Zhang,female,A
Xikai Liu,male,A
Hongfei Lin,male,A
Feng Xia,male,A
Masaaki Nishino,female,A
Sho Takase,male,A
Tsutomu Hirao,female,A
Masaaki Nagata,female,A
Kashyap Popat,male,A
Subhabrata Mukherjee,female,A
Andrew Yates,male,W_NL
Gerhard Weikum,male,W_NL
Talaat Khalil,male,A
Kornel Kiełczewski,male,W_NL
Georgios Christos Chouliaras,male,A
Amina Keldibek,female,A
Maarten Versteegh,male,A
Jun-U Park,female,A
Sang-Ki Ko,male,A
Marco Cognetta,male,HL
Yo-Sub Han,male,A
Swaraj Khadanga,male,A
Karan Aggarwal,male,A
Shafiq Joty,male,A
Jaideep Srivastava,male,A
Adithya Renduchintala,male,A
Philipp Koehn,male,W_NL
Jason Eisner,male,W_NL
Bonan Min,male,A
Yee Seng Chan,male,A
Haoling Qiu,male,A
Joshua Fasching,male,W_NL
Tzuf Paz-Argaman,male,A
Reut Tsarfaty,female,A
Ming Tan,male,A
Dakuo Wang,male,A
Yupeng Gao,male,A
Haoyu Wang,male,A
Saloni Potdar,female,A
Xiaoxiao Guo,female,A
Shiyu Chang,female,A
Mo Yu,male,A
Haibin Lin,male,A
Xingjian Shi,male,A
Leonard Lausen,male,W_NL
Aston Zhang,male,A
He He,male,A
Sheng Zha,female,A
Alexander Smola,male,W_NL
Monojit Choudhury,male,A
Anirudh Srinivasan,male,A
Sandipan Dandapat,male,A
Tsung-Hsien Wen,female,A
Pei-Hao Su,male,A
Paweł Budzianowski,male,W_NL
Iñigo Casanueva,male,HL
Ivan Vulić,male,A
Kai-Wei Chang,male,A
Vinod Prabhakaran,male,A
Vicente Ordonez,male,HL
Lili Mou,female,A
Hao Zhou,male,A
Lei Li,female,A
Shikhar Vashishth,male,A
Naganand Yadati,male,A
Partha Talukdar,male,A
Goran Glavaś,male,W_NL
Edoardo Maria Ponti,male,HL
Ivan Vulić,male,A
Sebastian Padó,male,HL
Ruihong Huang,female,A
Oren Pereg,male,W_NL
Daniel Korat,male,W_NL
Moshe Wasserblat,male,A
Jonathan Mamou,male,A
Ido Dagan,male,A
Eric Wallace,male,B_NL
Jens Tuyls,male,W_NL
Junlin Wang,male,A
Sanjay Subramanian,male,A
Matt Gardner,male,W_NL
Sameer Singh,male,A
Qiongkai Xu,female,A
Chenchen Xu,female,A
Lizhen Qu,female,A
Zeynep Akkalyoncu Yilmaz,female,A
Shengjin Wang,male,A
Wei Yang,male,A
Haotian Zhang,male,A
Jimmy Lin,male,A
Nicolas Rodolfo Fauceglia,male,HL
Alfio Gliozzo,male,HL
Sarthak Dash,male,A
Md. Faisal Mahbub Chowdhury,male,A
Nandana Mihindukulasooriya,female,A
Rishav Chakravarti,male,A
Cezar Pendus,male,A
Andrzej Sakrajda,male,W_NL
Anthony Ferritto,male,W_NL
Lin Pan,male,A
Michael Glass,male,W_NL
Vittorio Castelli,male,HL
J William Murdock,male,W_NL
Radu Florian,male,A
Salim Roukos,male,A
Avi Sil,male,A
Yuanfeng Song,male,A
Di Jiang,female,A
Weiwei Zhao,female,A
Qian Xu,male,A
Raymond Chi-Wing Wong,male,A
Qiang Yang,male,A
Liang-Hsin Shen,male,A
Pei-Lun Tai,male,A
Chao-Chung Wu,male,A
Shou-De Lin,female,A
Fernando Alva-Manchego,male,HL
Louis Martin,male,B_NL
Carolina Scarton,female,HL
Lucia Specia,female,HL
Eugene Kharitonov,male,A
Rahma Chaabouni,female,A
Diane Bouchacourt,female,W_NL
Marco Baroni,male,HL
Arushi Raghuvanshi,female,A
Vijay Ramakrishnan,male,A
Varsha Embar,female,A
Lucien Carroll,male,B_NL
Karthik Raghunathan,male,A
Bo An,male,A
Chen Bo,male,A
Xianpei Han,male,A
Le Sun,female,A
Jonas Pfeiffer,male,W_NL
Christian M. Meyer,male,W_NL
Claudia Schulz,female,W_NL
Jan Kiesewetter,male,W_NL
Jan Zottmann,male,W_NL
Michael Sailer,male,W_NL
Elisabeth Bauer,female,W_NL
Frank Fischer,male,W_NL
Martin R. Fischer,male,W_NL
Iryna Gurevych,female,W_NL
Dian Yu,female,A
Michelle Cohn,female,W_NL
Yi Mang Yang,male,A
Chun Yen Chen,male,A
Weiming Wen,male,A
Jiaping Zhang,female,A
Mingyang Zhou,male,A
Kevin Jesse,male,W_NL
Austin Chau,male,A
Antara Bhowmick,female,A
Shreenath Iyer,male,A
Giritheja Sreenivasulu,female,A
Sam Davidson,male,B_NL
Ashwin Bhandare,male,A
Zhou Yu,male,A
Denis Newman-Griffis,male,W_NL
Eric Fosler-Lussier,male,B_NL
Jaejun Lee,female,A
Raphael Tang,male,A
Jimmy Lin,male,A
Ziyue Wang,male,A
Baoxin Wang,male,A
Xingyi Duan,female,A
Dayong Wu,male,A
Shijin Wang,male,A
Guoping Hu,male,A
Ting Liu,female,A
Sebastin Santy,male,W_NL
Sandipan Dandapat,male,A
Monojit Choudhury,male,A
Kalika Bali,female,A
Julia Kreutzer,female,W_NL
Jasmijn Bastings,female,B_NL
Stefan Riezler,male,W_NL
Twin Karmakharm,male,W_NL
Nikolaos Aletras,male,W_NL
Kalina Bontcheva,female,A
Edward Collins,male,W_NL
Nikolai Rozanov,male,A
Bingbing Zhang,male,A
Max Eichler,male,W_NL
Gözde Gül Şahin,female,A
Iryna Gurevych,female,W_NL
Lan Jiang,male,A
Shuhan Hu,male,A
Mingyu Huang,female,A
Zhichun Wang,female,A
Jinjian Yang,male,A
Xiaoju Ye,female,A
Wei Zheng,male,A
Thomas Searle,male,W_NL
Zeljko Kraljevic,male,W_NL
Rebecca Bendayan,female,W_NL
Daniel Bean,male,W_NL
Richard Dobson,male,W_NL
Seungwhan Moon,male,A
Pararth Shah,male,A
Rajen Subba,male,A
Anuj Kumar,male,A
Carlos Escolano,male,HL
Marta R. Costa-jussà,female,HL
Elora Lacroux,female,B_NL
Pere-Pau Vázquez,male,HL
Chenchen Ding,female,A
Masao Utiyama,male,A
Eiichiro Sumita,male,A
Ming Gong,male,A
Linjun Shou,male,A
Wutao Lin,male,A
Zhijie Sang,male,A
Quanjia Yan,female,A
Ze Yang,male,A
Feixiang Cheng,male,A
Daxin Jiang,male,A
Xu Han,male,A
Tianyu Gao,male,A
Yuan Yao,male,A
Deming Ye,male,A
Zhiyuan Liu,male,A
Maosong Sun,male,A
Vishwajeet Kumar,male,A
Sivaanandh Muneeswaran,female,A
Ganesh Ramakrishnan,male,A
Yuan-Fang Li,female,A
Matthew Henderson,male,W_NL
Ivan Vulić,male,A
Iñigo Casanueva,male,HL
Paweł Budzianowski,male,W_NL
Daniela Gerz,female,HL
Sam Coope,male,W_NL
Georgios Spithourakis,male,W_NL
Tsung-Hsien Wen,female,A
Nikola Mrkšić,male,W_NL
Pei-Hao Su,male,A
Youngsoo Jang,male,A
Jongmin Lee,male,A
Jaeyoung Park,male,A
Kyeng-Hun Lee,female,A
Pierre Lison,male,B_NL
Kee-Eung Kim,female,A
Michael Stewart,male,W_NL
Wei Liu,male,A
Rachel Cardell-Oliver,female,W_NL
Fabian David Schmidt,male,HL
Markus Dietsche,male,W_NL
Simone Paolo Ponzetto,male,A
Goran Glavaš,male,W_NL
Thomas J. Bolt,male,W_NL
Jeffrey H. Flynt,male,W_NL
Pramit Chaudhuri,male,A
Joseph P. Dexter,male,W_NL
Shai Erera,male,A
Michal Shmueli-Scheuer,male,W_NL
Guy Feigenblat,male,W_NL
Ora Peled Nakash,female,A
Odellia Boni,female,HL
Haggai Roitman,male,A
Doron Cohen,male,W_NL
Bar Weiner,male,W_NL
Yosi Mass,male,A
Or Rivlin,male,W_NL
Guy Lev,male,W_NL
Achiya Jerbi,male,A
Jonathan Herzig,male,W_NL
Yufang Hou,female,A
Charles Jochim,male,W_NL
Martin Gleize,male,W_NL
Francesca Bonin,female,W_NL
Francesca Bonin,female,W_NL
David Konopnicki,male,W_NL
Hamdy Mubarak,male,A
Ahmed Abdelali,male,A
Kareem Darwish,male,A
Mohamed Eldesouki,male,A
Younes Samih,male,A
Hassan Sajjad,male,A
Yifan Zhang,male,A
Giovanni Da San Martino,male,HL
Alberto Barrón-Cedeño,male,HL
Salvatore Romeo,male,A
Jisun An,male,A
Haewoon Kwak,male,A
Todor Staykovski,male,W_NL
Israa Jaradat,female,A
Georgi Karadzhov,male,A
Ramy Baly,male,A
Kareem Darwish,male,A
James Glass,male,W_NL
Preslav Nakov,male,A
Masato Hagiwara,male,A
Takumi Ito,female,A
Tatsuki Kuribayashi,female,A
Jun Suzuki,male,A
Kentaro Inui,male,A
Yi-Huei Lai,female,A
Jason Chang,male,A
Zhe Zhao,male,A
Hui Chen,female,A
Jinbin Zhang,male,A
Xin Zhao,male,A
Tao Liu,male,A
Wei Lu,male,A
Xi Chen,female,A
Haotang Deng,male,A
Qi Ju,male,A
Xiaoyong Du,male,A
Chen Xia,male,A
Haoxiang Zhang,male,A
Jacob Moghtader,male,W_NL
Allen Wu,male,A
Kai-Wei Chang,male,A
Changhan Wang,male,A
Anirudh Jain,male,A
Danlu Chen,male,A
Jiatao Gu,male,A
Reut Tsarfaty,female,A
Shoval Sadde,male,A
Stav Klein,male,W_NL
Amit Seker,male,A
Anna Feldman,female,W_NL
Giovanni Da San Martino,male,HL
Alberto Barrón-Cedeño,male,HL
Chris Brew,male,W_NL
Chris Leberknight,male,W_NL
Preslav Nakov,male,A
Meisam Navaki Arefi,male,A
Rajkumar Pandi,male,A
Michael Carl Tschantz,male,W_NL
Jedidiah R. Crandall,male,W_NL
King-wa Fu,female,A
Dahlia Qiu Shi,female,A
Miao Sha,female,A
Ju-Hyoung Lee,female,A
Jun-U Park,female,A
Jeong-Won Cha,male,A
Yo-Sub Han,male,A
Nayeema Nasrin,female,A
Kim-Kwang Raymond Choo,male,A
Myung Ko,female,A
Anthony Rios,male,HL
Or Levi,male,A
Pedram Hosseini,male,A
Mona Diab,female,A
David Broniatowski,male,W_NL
Anna Rogers,female,W_NL
Olga Kovaleva,female,HL
Anna Rumshisky,female,W_NL
Mareike Hartmann,female,W_NL
Yevgeniy Golovchenko,male,W_NL
Isabelle Augenstein,female,W_NL
ChaeHun Park,female,A
Wonsuk Yang,male,A
Jong Park,male,A
Quanzhi Li,male,A
Qiong Zhang,female,A
Luo Si,male,A
Yingchi Liu,female,A
Wei-Fan Chen,male,A
Khalid Al Khatib,male,A
Matthias Hagen,male,W_NL
Henning Wachsmuth,male,A
Benno Stein,male,W_NL
Wenjun Hou,female,A
Ying Chen,female,A
Shehel Yoosuf,female,A
Yin Yang,female,A
Pankaj Gupta,male,A
Khushbu Saxena,female,A
Usama Yaseen,male,A
Thomas Runkler,male,W_NL
Hinrich Schütze,male,W_NL
Tariq Alhindi,male,A
Jonas Pfeiffer,male,W_NL
Smaranda Muresan,female,A
Norman Mapes,male,W_NL
Anna White,female,B_NL
Radhika Medury,female,A
Sumeet Dua,male,A
André Ferreira Cruz,male,HL
Gil Rocha,male,HL
Henrique Lopes Cardoso,male,HL
Hani Al-Omari,male,A
Malak Abdullah,male,A
Ola AlTiti,male,B_NL
Samira Shaikh,female,A
Jinfen Li,male,A
Zhihao Ye,male,A
Lu Xiao,female,A
Harish Tayyar Madabushi,male,A
Elena Kochkina,female,HL
Michael Castelle,male,W_NL
Yiqing Hua,female,A
Ali Fadel,male,A
Ibraheem Tuffaha,male,A
Mahmoud Al-Ayyoub,male,A
Kartik Aggarwal,male,A
Anubhav Sadana,male,A
George-Alexandru Vlad,male,A
Mircea-Adrian Tanase,male,A
Cristian Onose,male,HL
Dumitru-Clementin Cercel,male,HL
Adam Ek,male,W_NL
Mehdi Ghanimifard,male,A
Giovanni Da San Martino,male,HL
Alberto Barrón-Cedeño,male,HL
Preslav Nakov,male,A
Udo Hahn,male,A
Véronique Hoste,female,B_NL
Zhu Zhang,male,A
Berke Oral,male,B_NL
Erdem Emekligil,male,A
Seçil Arslan,male,A
Gülşen Eryiğit,female,W_NL
Liat Ein-Dor,female,W_NL
Ariel Gera,male,HL
Orith Toledo-Ronen,female,HL
Alon Halfon,male,W_NL
Benjamin Sznajder,male,W_NL
Lena Dankin,female,B_NL
Yonatan Bilu,male,A
Yoav Katz,male,W_NL
Noam Slonim,male,W_NL
Sven Buechel,male,W_NL
Simon Junker,male,A
Thore Schlaak,male,W_NL
Claus Michelsen,male,W_NL
Udo Hahn,male,A
Shuang (Sophie) Zhai,female,A
Zhu (Drew) Zhang,female,A
Deli Chen,male,A
Yanyan Zou,male,A
Keiko Harimoto,female,A
Ruihan Bao,male,A
Xuancheng Ren,male,A
Xu Sun,male,A
Deli Chen,male,A
Shuming Ma,male,A
Keiko Harimoto,female,A
Ruihan Bao,male,A
Qi Su,male,A
Xu Sun,male,A
João Filgueiras,male,HL
Luís Barbosa,male,HL
Gil Rocha,male,HL
Henrique Lopes Cardoso,male,HL
Luís Paulo Reis,male,HL
João Pedro Machado,male,HL
Ana Maria Oliveira,female,HL
Jared Rivera,male,HL
Jan Caleb Oliver Pensica,male,W_NL
Jolene Valenzuela,female,HL
Alfonso Secuya,male,HL
Charibeth Cheng,female,A
Toshiaki Nakazawa,female,A
Chenchen Ding,female,A
Raj Dabre,male,A
Anoop Kunchukuttan,male,A
Nobushige Doi,male,A
Yusuke Oda,male,A
Ondřej Bojar,male,W_NL
Shantipriya Parida,female,A
Isao Goto,male,A
Hidaya Mino,female,A
Toshiaki Nakazawa,female,A
Nobushige Doi,male,A
Shohei Higashiyama,male,A
Chenchen Ding,female,A
Raj Dabre,male,A
Hideya Mino,female,A
Isao Goto,male,A
Win Pa Pa,male,A
Anoop Kunchukuttan,male,A
Shantipriya Parida,female,A
Ondřej Bojar,male,W_NL
Sadao Kurohashi,male,A
Jinan Dai,male,A
Kazunori Yamaguchi,female,A
Weston Feely,male,W_NL
Eva Hasler,female,W_NL
Adrià de Gispert,female,HL
Matīss Rikters,male,W_NL
Ryokan Ri,male,A
Tong Li,male,A
Toshiaki Nakazawa,female,A
Sahinur Rahman Laskar,male,A
Rohit Pratap Singh,male,A
Partha Pakray,male,A
Sivaji Bandyopadhyay,male,A
Benjamin Marie,male,B_NL
Hour Kaing,female,A
Aye Myat Mon,female,A
Chenchen Ding,female,A
Atsushi Fujita,female,A
Masao Utiyama,male,A
Eiichiro Sumita,male,A
Raj Dabre,male,A
Eiichiro Sumita,male,A
Cheoneum Park,female,A
Young-Jun Jung,male,A
Kihoon Kim,female,A
Geonyeong Kim,female,A
Jae-Won Jeon,male,A
Seongmin Lee,male,A
Junseok Kim,male,A
Changki Lee,female,A
Rui Wang,male,A
Haipeng Sun,male,A
Kehai Chen,male,A
Chenchen Ding,female,A
Masao Utiyama,male,A
Eiichiro Sumita,male,A
Aye Thida,female,A
Nway Nway Han,female,A
Sheinn Thawtar Oo,male,A
Khin Thet Htar,male,A
Makoto Morishita,male,A
Jun Suzuki,male,A
Masaaki Nagata,female,A
Hideya Mino,female,A
Hitoshi Ito,female,A
Isao Goto,male,A
Ichiro Yamada,male,A
Hideki Tanaka,female,A
Takenobu Tokunaga,female,A
Peng-Jen Chen,female,A
Jiajun Shen,male,A
Matthew Le,male,A
Vishrav Chaudhary,male,A
Ahmed El-Kishky,male,A
Guillaume Wenzek,male,W_NL
Myle Ott,female,B_NL
Marc’Aurelio Ranzato,male,HL
Akiko Eriguchi,female,A
Spencer Rarrick,male,B_NL
Hitokazu Matsushita,female,A
Jerin Philip,male,W_NL
Shashank Siripragada,male,A
Upendra Kumar,male,A
Vinay Namboodiri,male,A
C V Jawahar,male,A
Vikrant Goyal,male,A
Dipti Misra Sharma,female,A
Kenji Imamura,male,A
Eiichiro Sumita,male,A
Yixuan Tong,male,A
Liang Liang,male,A
Boyan Liu,male,A
Shanshan Jiang,male,A
Bin Dong,male,A
Raymond Hendy Susanto,male,A
Ohnmar Htun,male,A
Liling Tan,female,A
Wei Yang,male,A
Jun Ogata,male,A
Aizhan Imankulova,female,A
Masahiro Kaneko,male,A
Mamoru Komachi,male,A
Amit Kumar,male,A
Anil Kumar Singh,male,A
Shantipriya Parida,female,A
Ondřej Bojar,male,W_NL
Petr Motlicek,male,W_NL
Loitongbam Sanayai Meetei,female,A
Thoudam Doren Singh,male,A
Sivaji Bandyopadhyay,male,A
Jitao Xu,male,A
TuAnh Nguyen,female,A
MinhQuang Pham,female,A
Josep Crego,male,HL
Jean Senellart,male,W_NL
Yimon ShweSin,male,A
Win Pa Pa,male,A
KhinMar Soe,male,A
Chenglei Si,male,A
Kui Wu,male,A
Ai Ti Aw,female,A
Min-Yen Kan,female,A
Thi-Vinh Ngo,male,A
Thanh-Le Ha,female,A
Phuong-Thai Nguyen,male,A
Le-Minh Nguyen,female,A
Ali Fadel,male,A
Ibraheem Tuffaha,male,A
Bara’ Al-Jawarneh,female,A
Mahmoud Al-Ayyoub,male,A
Dmitry Ustalov,male,W_NL
Swapna Somasundaran,female,A
Peter Jansen,male,W_NL
Goran Glavaš,male,W_NL
Martin Riedl,male,W_NL
Mihai Surdeanu,male,A
Michalis Vazirgiannis,male,HL
Prithviraj Ammanabrolu,male,A
Mark Riedl,male,W_NL
Yuki Tagawa,female,A
Motoki Taniguchi,female,A
Yasuhide Miura,female,A
Tomoki Taniguchi,female,A
Tomoko Ohkuma,female,A
Takayuki Yamamoto,female,A
Keiichi Nemoto,female,A
Sammy Khalife,male,A
Michalis Vazirgiannis,male,HL
Daniel Beck,male,W_NL
Trevor Cohn,male,W_NL
Gholamreza Haffari,male,A
Matan Zuckerman,male,W_NL
Mark Last,male,W_NL
Mokanarangan Thayaparan,male,A
Marco Valentino,male,HL
Viktor Schlegel,male,W_NL
André Freitas,male,HL
Danni Ma,male,A
Chen Chen,male,A
Behzad Golshan,male,A
Wang-Chiew Tan,male,A
Robert Schwarzenberg,male,W_NL
Marc Hübner,male,W_NL
David Harbecke,male,W_NL
Christoph Alt,male,W_NL
Leonhard Hennig,male,W_NL
Peter Jansen,male,W_NL
Dmitry Ustalov,male,W_NL
Pratyay Banerjee,male,A
Yew Ken Chia,male,A
Sam Witteveen,male,W_NL
Martin Andrews,male,W_NL
Jennifer D’Souza,male,A
Isaiah Onando Mulang’,male,B_NL
Sören Auer,male,W_NL
Rajarshi Das,male,A
Ameya Godbole,female,A
Manzil Zaheer,male,A
Shehzaad Dhuliawala,male,A
Andrew McCallum,male,W_NL
Pierre Daix-Moreux,male,B_NL
Matthias Gallé,male,W_NL
Reinald Kim Amplayo,male,A
Seung-won Hwang,male,A
Min Song,male,A
Vaibhav Vaibhav,male,A
Raghuram Mandyam,male,A
Eduard Hovy,male,W_NL
Qingkai Zeng,male,A
Mengxia Yu,female,A
Wenhao Yu,male,A
JinJun Xiong,male,A
Yiyu Shi,female,A
Meng Jiang,male,A
Zimeng Qiu,female,A
Eunah Cho,female,A
Xiaochun Ma,female,A
William Campbell,male,W_NL
Siyu Huo,female,A
Tengfei Ma,male,A
Jie Chen,male,A
Maria Chang,female,A
Lingfei Wu,female,A
Michael Witbrock,male,W_NL
Saatviga Sudhahar,female,A
Andrea Pierleoni,female,W_NL
Ian Roberts,male,B_NL
Ida Szubert,female,W_NL
Mark Steedman,male,W_NL
Viktor Schlegel,male,W_NL
André Freitas,male,HL
Ming Jiang,male,A
Jana Diesner,female,W_NL
Lu Wang,female,A
Jackie Chi Kit Cheung,male,A
Giuseppe Carenini,male,HL
Fei Liu,male,A
Vaishali Pal,female,A
Manish Shrivastava,male,A
Irshad Bhat,male,A
Sanghwan Bae,male,A
Taeuk Kim,female,A
Jihoon Kim,male,A
Sang-goo Lee,female,A
Julius Steen,male,B_NL
Katja Markert,female,W_NL
Diego Antognini,male,HL
Boi Faltings,male,A
Maximin Coavoux,male,B_NL
Hady Elsahar,male,A
Matthias Gallé,male,W_NL
Anastassia Kornilova,female,A
Vladimir Eidelman,male,W_NL
Edward Moroshko,male,W_NL
Guy Feigenblat,male,W_NL
Haggai Roitman,male,A
David Konopnicki,male,W_NL
Kristjan Arumae,male,A
Parminder Bhatia,male,A
Fei Liu,male,A
Bogdan Gliwa,male,W_NL
Iwona Mochol,female,W_NL
Maciej Biesek,male,W_NL
Aleksander Wawer,male,W_NL
Ming Zhong,male,A
Danqing Wang,female,A
Pengfei Liu,male,A
Xipeng Qiu,male,A
Xuanjing Huang,male,A
Khanh Nguyen,male,A
Hal Daumé III,male,B_NL
Sangwoo Cho,male,A
Chen Li,male,A
Dong Yu,male,A
Hassan Foroosh,male,A
Fei Liu,male,A
Logan Lebanoff,male,W_NL
John Muchovej,male,W_NL
Franck Dernoncourt,male,B_NL
Doo Soon Kim,male,A
Seokhwan Kim,male,A
Walter Chang,male,A
Fei Liu,male,A
Abram Handler,male,W_NL
Premkumar Ganeshkumar,male,A
Brendan O’Connor,male,W_NL
Mohamed AlTantawy,male,A
Zhengyuan Liu,male,A
Nancy Chen,female,A
Wei Xu,male,A
Alan Ritter,male,W_NL
Tim Baldwin,male,W_NL
Afshin Rahimi,male,A
Giannis Karamanolakis,male,W_NL
Daniel Hsu,male,A
Luis Gravano,male,HL
Isak Czeresnia Etinger,male,B_NL
Alan W Black,male,W_NL
Christian Federmann,male,W_NL
Oussama Elachqar,male,A
Chris Quirk,male,W_NL
Maria Nadejde,female,HL
Joel Tetreault,male,W_NL
Xin Li,female,A
Lidong Bing,male,A
Wenxuan Zhang,male,A
Wai Lam,male,A
Vladimir Karpukhin,male,A
Omer Levy,male,W_NL
Jacob Eisenstein,male,W_NL
Marjan Ghazvininejad,male,A
Nathanael Chambers,male,B_NL
Timothy Forman,male,W_NL
Catherine Griswold,female,W_NL
Kevin Lu,male,A
Yogaish Khastgir,male,A
Stephen Steckler,male,W_NL
Abhinav Bhandari,male,A
Caitrin Armstrong,female,W_NL
Daniele Bonadiman,female,W_NL
Anjishnu Kumar,male,A
Arpit Mittal,male,A
Hanh Nguyen,female,A
Dirk Hovy,male,W_NL
Vinayak Athavale,male,A
Aayush Naik,male,A
Rajas Vanjape,male,A
Manish Shrivastava,male,A
Chris van der Lee,male,W_NL
Tess van der Zanden,male,W_NL
Emiel Krahmer,male,W_NL
Maria Mos,female,HL
Alexander Schouten,male,W_NL
Abbas Ghaddar,male,A
Phillippe Langlais,male,W_NL
Yunfan Gu,male,A
Yang Yuqiao,male,A
Zhongyu Wei,male,A
Rob van der Goot,male,W_NL
Béranger Dumont,male,W_NL
Simona Maggio,female,HL
Ghiles Sidi Said,male,A
Quoc-Tien Au,male,A
Takeshi Kobayakawa,male,A
Taro Miyazaki,male,A
Hiroki Okamoto,female,A
Simon Clippingdale,male,B_NL
Wafia Adouane,female,A
Jean-Philippe Bernardy,male,B_NL
Simon Dobnik,male,A
Niko Partanen,male,A
Mika Hämäläinen,female,A
Khalid Alnajjar,male,A
Jiawei Yong,male,A
Chen Liu,male,A
Anderson De Andrade,male,HL
Muhammad Osama,male,A
Yuzhong Hong,male,A
Xianguo Yu,male,A
Neng He,male,A
Nan Liu,female,A
Junhui Liu,female,A
Hunter Heidenreich,male,W_NL
Jake Williams,male,B_NL
Kartikey Pant,male,A
Venkata Himakar Yanamandra,male,A
Alok Debnath,male,A
Radhika Mamidi,female,A
Aili Shen,female,A
Daniel Beck,male,W_NL
Bahar Salehi,male,A
Jianzhong Qi,male,A
Timothy Baldwin,male,W_NL
Anja Belz,female,W_NL
Richard Hoile,male,W_NL
Elizabeth Ford,female,W_NL
Azam Mullick,male,A
Shirley Anugrah Hayati,female,W_NL
Aditi Chaudhary,female,A
Naoki Otani,female,A
Alan W Black,male,W_NL
Tommaso Fornaciari,male,W_NL
Dirk Hovy,male,W_NL
Tommaso Fornaciari,male,W_NL
Dirk Hovy,male,W_NL
Tommaso Fornaciari,male,W_NL
Dirk Hovy,male,W_NL
Sravan Bodapati,male,A
Hyokun Yun,female,A
Yaser Al-Onaizan,male,A
Viet Dac Lai,male,A
Thien Nguyen,male,A
Rui Xing,male,A
Jie Luo,male,A
Youmna Ismaeil,female,A
Oana Balalau,female,A
Paramita Mirza,female,A
Stefan Constantin,male,W_NL
Jan Niehues,male,W_NL
Alex Waibel,male,W_NL
Claudia Matos Veliz,male,HL
Orphee De Clercq,female,W_NL
Veronique Hoste,female,B_NL
Yifu Sun,female,A
Haoming Jiang,male,A
Riya Pal,female,A
Dipti Sharma,female,A
Benjamin Muller,male,W_NL
Benoit Sagot,male,A
Djamé Seddah,female,A
Zhilin Wang,male,A
Elena Rastorgueva,female,HL
Weizhe Lin,male,A
Xiaodong Wu,male,A
Wenhao Ying,male,A
Rong Xiang,male,A
Qin Lu,female,A
Ivan Sekulic,male,HL
Michael Strube,male,W_NL
Zhenhao Li,male,A
Lucia Specia,female,HL
Rohan Badlani,male,A
Nishit Asnani,male,A
Manan Rai,male,A
Jakub Náplava,male,A
Milan Straka,male,A
Roman Grundkiewicz,male,HL
Marcin Junczys-Dowmunt,male,B_NL
Keith Cortis,male,W_NL
Brian Davis,male,B_NL
Jiyoung Han,female,A
Youngin Lee,male,A
Junbum Lee,female,A
Meeyoung Cha,female,A
Gabriel Stanovsky,male,W_NL
Ronen Tamari,male,W_NL
Edison Marrese-Taylor,male,HL
Pablo Loyola,male,HL
Yutaka Matsuo,female,A
Yeon Seonwoo,male,A
Sungjoon Park,male,A
Dongkwan Kim,male,A
Alice Oh,female,A
Kazuki Ashihara,female,A
Tomoyuki Kajiwara,male,A
Yuki Arase,female,A
Satoru Uchida,female,A
José Carlos Rosales Núñez,male,HL
Djamé Seddah,female,A
Guillaume Wisniewski,male,W_NL
Anab Maulana Barik,male,A
Rahmad Mahendra,male,A
Mirna Adriani,female,HL
Nasser Zalmout,male,A
Kapil Thadani,male,A
Aasish Pappu,male,A
Jekaterina Novikova,female,W_NL
Aparna Balagopalan,female,A
Ksenia Shkaruta,female,A
Frank Rudzicz,male,W_NL
Richard Yuanzhe Pang,male,A
Ella Rabinovich,female,W_NL
Masih Sultani,male,A
Suzanne Stevenson,female,W_NL
Alexandra Birch,female,W_NL
Andrew Finch,male,W_NL
Hiroaki Hayashi,female,A
Ioannis Konstas,male,W_NL
Thang Luong,male,A
Graham Neubig,male,W_NL
Yusuke Oda,male,A
Katsuhito Sudoh,male,A
Hiroaki Hayashi,female,A
Yusuke Oda,male,A
Alexandra Birch,female,W_NL
Ioannis Konstas,male,W_NL
Andrew Finch,male,W_NL
Minh-Thang Luong,male,A
Graham Neubig,male,W_NL
Katsuhito Sudoh,male,A
Paweł Budzianowski,male,W_NL
Ivan Vulić,male,A
Kenji Imamura,male,A
Eiichiro Sumita,male,A
Woon Sang Cho,male,A
Yizhe Zhang,male,A
Sudha Rao,female,A
Chris Brockett,male,W_NL
Sungjin Lee,male,A
Lifu Tu,male,A
Xiaoan Ding,male,A
Dong Yu,male,A
Kevin Gimpel,male,W_NL
Zi-Yi Dou,female,A
Xinyi Wang,female,A
Junjie Hu,male,A
Graham Neubig,male,W_NL
Elozino Egonmwan,male,A
Yllias Chali,male,A
Alham Fikri Aji,male,A
Kenneth Heafield,male,W_NL
Nikolaos Malandrakis,male,W_NL
Minmin Shen,female,A
Anuj Goyal,male,A
Shuyang Gao,female,A
Abhishek Sethi,male,A
Angeliki Metallinou,female,A
Anna Currey,female,W_NL
Kenneth Heafield,male,W_NL
Stephane Clinchant,male,W_NL
Kweon Woo Jung,male,A
Vassilina Nikoulina,female,HL
Victor Prokhorov,male,HL
Ehsan Shareghi,male,A
Yingzhen Li,female,A
Mohammad Taher Pilehvar,male,A
Nigel Collier,male,B_NL
Ivan P. Yamshchikov,male,HL
Viacheslav Shibaev,male,A
Aleksander Nagaev,male,A
Jürgen Jost,male,W_NL
Alexey Tikhonov,male,W_NL
Richard Yuanzhe Pang,male,A
Kevin Gimpel,male,W_NL
Li Gong,male,A
Josep Crego,male,HL
Jean Senellart,male,W_NL
Florian Schmidt,male,W_NL
Alexandre Berard,male,B_NL
Ioan Calapodescu,male,W_NL
Marc Dymetman,male,W_NL
Claude Roux,male,B_NL
Jean-Luc Meunier,male,W_NL
Vassilina Nikoulina,female,HL
Poorya Zaremoodi,female,A
Gholamreza Haffari,male,A
Duygu Ataman,female,A
Orhan Firat,male,A
Mattia A. Di Gangi,male,W_NL
Marcello Federico,male,HL
Alexandra Birch,female,W_NL
Lala Li,female,A
William Chan,male,A
Gayatri Bhat,male,A
Sachin Kumar,male,A
Yulia Tsvetkov,male,A
Hongyi Cui,female,A
Shohei Iida,female,A
Po-Hsuan Hung,male,A
Takehito Utsuro,male,A
Masaaki Nagata,female,A
Sam Witteveen,male,W_NL
Martin Andrews,male,W_NL
Pooya Moradi,male,A
Nishant Kambhatla,male,A
Anoop Sarkar,male,A
Kenton Murray,male,B_NL
Jeffery Kinnison,male,W_NL
Toan Q. Nguyen,male,A
Walter Scheirer,male,W_NL
David Chiang,male,A
Chan Young Park,male,A
Yulia Tsvetkov,male,A
Elozino Egonmwan,male,A
Yllias Chali,male,A
Sameen Maruf,male,A
Gholamreza Haffari,male,A
Li Gong,male,A
Josep Crego,male,HL
Jean Senellart,male,W_NL
Ratish Puduppully,male,A
Jonathan Mallinson,male,W_NL
Mirella Lapata,female,HL
Fahimeh Saleh,male,A
Alexandre Berard,male,B_NL
Ioan Calapodescu,male,W_NL
Laurent Besacier,male,W_NL
Young Jin Kim,male,A
Marcin Junczys-Dowmunt,male,B_NL
Hany Hassan,male,A
Alham Fikri Aji,male,A
Kenneth Heafield,male,W_NL
Roman Grundkiewicz,male,HL
Nikolay Bogoychev,male,W_NL
Lesly Miculicich,female,B_NL
Marc Marone,male,W_NL
Hany Hassan,male,A
Kenton Murray,male,B_NL
Brian DuSell,male,W_NL
David Chiang,male,A
Kim Jin-Dong,female,A
Nédellec Claire,male,W_NL
Bossy Robert,male,W_NL
Deléger Louise,male,W_NL
Aitor Gonzalez-Agirre,male,HL
Montserrat Marimon,female,HL
Ander Intxaurrondo,male,HL
Obdulia Rabal,female,HL
Marta Villegas,female,HL
Martin Krallinger,male,W_NL
Manuel Stoeckel,male,HL
Wahed Hemati,male,A
Alexander Mehler,male,W_NL
Víctor Suárez-Paniagua,male,HL
Xabier Lahuerta,male,HL
Iakes Goenaga,male,HL
Koldo Gojenola,male,HL
Aitziber Atutxa Salazar,female,HL
Maite Oronoz,female,HL
Lukas Lange,male,W_NL
Heike Adel,female,W_NL
Jannik Strötgen,male,W_NL
Ying Xiong,male,A
Yedan Shen,male,A
Yuanhang Huang,male,A
Shuai Chen,female,A
Buzhou Tang,female,A
Xiaolong Wang,male,A
Qingcai Chen,male,A
Jun Yan,male,A
Yi Zhou,male,A
Renzo Rivera,male,HL
Paloma Martínez,female,HL
Mohammad Golam Sohrab,male,A
Minh Thang Pham,male,A
Makoto Miwa,female,A
Hiroya Takamura,female,A
Kai Hakala,male,A
Sampo Pyysalo,male,A
Yuxing Wang,male,A
Kaiyin Zhou,male,A
Mina Gachloo,female,A
Jingbo Xia,male,A
Dongfang Li,male,A
Ying Xiong,male,A
Baotian Hu,male,A
Hanyang Du,male,A
Buzhou Tang,female,A
Qingcai Chen,male,A
Feifan Liu,male,A
Xiaoyu Zheng,female,A
Bo Wang,male,A
Catarina Kiefe,female,W_NL
Ashok Thillaisundaram,male,A
Theodosia Togia,female,A
Radu Ion,male,A
Vasile Florian Păiș,male,A
Maria Mitrofan,female,HL
Cong Sun,male,A
Zhihao Yang,male,A
Qi Zhang,male,A
Chao Liu,male,A
Ying Chi,female,A
Xuansong Xie,female,A
Xiansheng Hua,male,A
Junyi Li,female,A
Xiaobing Zhou,male,A
Yuhang Wu,male,A
Bin Wang,male,A
Pilar López Úbeda,male,HL
Manuel Carlos Díaz Galiano,male,HL
L. Alfonso Urena Lopez,male,HL
Maite Martin,female,W_NL
Robert Bossy,male,W_NL
Louise Deléger,female,W_NL
Estelle Chaix,female,B_NL
Mouhamadou Ba,male,A
Claire Nédellec,female,W_NL
Pankaj Gupta,male,A
Usama Yaseen,male,A
Hinrich Schütze,male,W_NL
Pan Deng,male,A
Haipeng Chen,male,A
Mengyao Huang,female,A
Xiaowen Ruan,male,A
Liang Xu,male,A
İlknur Karadeniz,male,A
Ömer Faruk Tuna,male,A
Arzucan Özgür,male,HL
Wuti Xiong,female,A
Fei Li,male,A
Ming Cheng,male,A
Hong Yu,female,A
Donghong Ji,female,A
Jihang Mao,male,A
Wanli Liu,male,A
William Baumgartner,male,W_NL
Michael Bada,male,A
Sampo Pyysalo,male,A
Manuel R. Ciosici,male,HL
Negacy Hailu,female,B_NL
Harrison Pielke-Lombardo,male,B_NL
Michael Regan,male,W_NL
Lawrence Hunter,male,B_NL
Lenz Furrer,male,W_NL
Joseph Cornelius,male,W_NL
Fabio Rinaldi,male,HL
Hai-Long Trieu,male,A
Anh-Khoa Duong Nguyen,male,A
Nhung Nguyen,female,A
Makoto Miwa,female,A
Hiroya Takamura,female,A
Sophia Ananiadou,female,A
Thang Minh Ngo,male,A
Jenna Kanerva,female,W_NL
Filip Ginter,male,W_NL
Sampo Pyysalo,male,A
Mohammad Anani,male,A
Nazmul Kazi,male,A
Matthew Kuntz,male,W_NL
Indika Kahanda,female,A
Pankaj Gupta,male,A
Yatin Chaudhary,male,A
Hinrich Schütze,male,W_NL
Adam Fisch,male,W_NL
Alon Talmor,male,B_NL
Robin Jia,male,A
Minjoon Seo,female,A
Eunsol Choi,female,A
Danqi Chen,female,A
Adam Fisch,male,W_NL
Alon Talmor,male,B_NL
Robin Jia,male,A
Minjoon Seo,female,A
Eunsol Choi,female,A
Danqi Chen,female,A
Hangbo Bao,male,A
Li Dong,male,A
Furu Wei,female,A
Wenhui Wang,female,A
Nan Yang,female,A
Lei Cui,female,A
Songhao Piao,male,A
Ming Zhou,male,A
Frederic Bechet,male,W_NL
Cindy Aloui,female,A
Delphine Charlet,female,B_NL
Geraldine Damnati,female,W_NL
Johannes Heinecke,male,W_NL
Alexis Nasr,male,HL
Frederic Herledan,male,B_NL
Xiaoman Pan,male,A
Kai Sun,male,A
Dian Yu,female,A
Jianshu Chen,male,A
Heng Ji,male,A
Claire Cardie,female,W_NL
Dong Yu,male,A
Qian Li,male,A
Hui Su,female,A
Cheng Niu,male,A
Daling Wang,male,A
Zekang Li,male,A
Shi Feng,female,A
Yifei Zhang,male,A
Wenhan Xiong,male,A
Mo Yu,male,A
Xiaoxiao Guo,female,A
Hong Wang,female,A
Shiyu Chang,female,A
Murray Campbell,male,W_NL
William Yang Wang,male,A
Bowen Wu,male,A
Haoyang Huang,male,A
Zongsheng Wang,male,A
Qihang Feng,male,A
Jingsong Yu,male,A
Baoxun Wang,female,A
Kevin Lin,male,A
Oyvind Tafjord,male,B_NL
Peter Clark,male,W_NL
Matt Gardner,male,W_NL
Mao Nakanishi,female,A
Tetsunori Kobayashi,female,A
Yoshihiko Hayashi,female,A
Elozino Egonmwan,male,A
Vittorio Castelli,male,HL
Md Arafat Sultan,male,A
Stefanos Angelidis,male,W_NL
Lea Frermann,female,W_NL
Diego Marcheggiani,male,HL
Roi Blanco,male,HL
Lluís Màrquez,male,HL
Yi-Ting Yeh,female,A
Yun-Nung Chen,female,A
Haoyu Wang,male,A
Mo Yu,male,A
Xiaoxiao Guo,female,A
Rajarshi Das,male,A
Wenhan Xiong,male,A
Tian Gao,male,A
Norio Takahashi,male,A
Tomohide Shibata,male,A
Daisuke Kawahara,male,A
Sadao Kurohashi,male,A
Matt Gardner,male,W_NL
Jonathan Berant,male,W_NL
Hannaneh Hajishirzi,female,A
Alon Talmor,male,B_NL
Sewon Min,male,A
Rajarshi Das,male,A
Ameya Godbole,female,A
Dilip Kavarthapu,male,A
Zhiyu Gong,male,A
Abhishek Singhal,male,A
Mo Yu,male,A
Xiaoxiao Guo,female,A
Tian Gao,male,A
Hamed Zamani,male,A
Manzil Zaheer,male,A
Andrew McCallum,male,W_NL
Anthony Chen,male,A
Gabriel Stanovsky,male,W_NL
Sameer Singh,male,A
Matt Gardner,male,W_NL
Hemant Pugaliya,male,A
James Route,male,B_NL
Kaixin Ma,female,A
Yixuan Geng,male,A
Eric Nyberg,male,W_NL
Amin Ahmad,male,A
Noah Constant,male,W_NL
Yinfei Yang,female,A
Daniel Cer,male,W_NL
Dheeru Dua,male,A
Ananth Gottumukkala,male,A
Alon Talmor,male,B_NL
Sameer Singh,male,A
Matt Gardner,male,W_NL
Ying-Hong Chan,female,A
Yao-Chung Fan,male,A
Junmo Kang,male,A
Haritz Puerto San Roman,male,HL
Sung-Hyon Myaeng,female,A
Lea Frermann,female,W_NL
Takumi Takahashi,female,A
Motoki Taniguchi,female,A
Tomoki Taniguchi,female,A
Tomoko Ohkuma,female,A
Reham Osama,female,A
Nagwa El-Makky,female,A
Marwan Torki,male,A
Seanie Lee,male,A
Donggyu Kim,female,A
Jangwon Park,male,A
Dan Su,male,A
Yan Xu,male,A
Genta Indra Winata,female,A
Peng Xu,male,A
Hyeondey Kim,female,A
Zihan Liu,male,A
Pascale Fung,female,A
Hongyu Li,female,A
Xiyuan Zhang,male,A
Yibing Liu,male,A
Yiming Zhang,male,A
Quan Wang,male,A
Xiangyang Zhou,male,A
Jing Liu,female,A
Hua Wu,male,A
Haifeng Wang,male,A
Shayne Longpre,female,W_NL
Yi Lu,female,A
Zhucheng Tu,male,A
Chris DuBois,male,W_NL
Silviu Paun,male,A
Dirk Hovy,male,W_NL
Stephen Tratz,male,W_NL
Masayuki Asahara,female,A
Camiel Colruyt,male,W_NL
Orphée De Clercq,female,W_NL
Véronique Hoste,female,B_NL
Jiyi Li,female,A
Fumiyo Fukumoto,female,A
Tamar Lavee,female,A
Lili Kotlerman,female,A
Matan Orbach,male,W_NL
Yonatan Bilu,male,A
Michal Jacovi,male,W_NL
Ranit Aharonov,male,A
Noam Slonim,male,W_NL
Seungwon Yoon,male,A
Wonsuk Yang,male,A
Jong Park,male,A
Sanket Shah,male,A
Pratik Joshi,male,A
Sebastin Santy,male,W_NL
Sunayana Sitaram,female,A
Simon Ostermann,male,W_NL
Sheng Zhang,female,A
Michael Roth,male,W_NL
Peter Clark,male,W_NL
Jeff Da,male,A
Jungo Kasai,male,A
Pengcheng He,male,A
Xiaodong Liu,male,A
Weizhu Chen,female,A
Jianfeng Gao,male,A
Kaixin Ma,female,A
Jonathan Francis,male,B_NL
Quanyang Lu,female,A
Eric Nyberg,male,W_NL
Alessandro Oltramari,male,HL
Pride Kavumba,male,A
Naoya Inoue,female,A
Benjamin Heinzerling,male,W_NL
Keshav Singh,male,A
Paul Reisert,male,W_NL
Kentaro Inui,male,A
Ndapa Nakashole,female,A
Sebastian Thiem,male,A
Peter Jansen,male,W_NL
Simon Ostermann,male,W_NL
Sheng Zhang,female,A
Michael Roth,male,W_NL
Peter Clark,male,W_NL
Yash Jain,male,A
Chinmay Singh,male,A
Prakhar Sharma,male,A
Sumegh Roychowdhury,female,A
Jeff Da,male,A
Xiepeng Li,female,A
Zhexi Zhang,male,A
Wei Zhu,male,A
Zheng Li,male,A
Yuan Ni,male,A
Peng Gao,male,A
Junchi Yan,female,A
Guotong Xie,male,A
Chunhua Liu,female,A
Dong Yu,male,A
Aliaksandr Huminski,male,W_NL
Yan Bin Ng,male,A
Kenneth Kwok,male,A
Francis Bond,male,W_NL
Hirokazu Kiyomaru,female,A
Kazumasa Omura,female,A
Yugo Murawaki,male,A
Daisuke Kawahara,male,A
Sadao Kurohashi,male,A
Ian Porada,male,A
Kaheer Suleman,male,A
Jackie Chi Kit Cheung,male,A
Pranav Goel,male,A
Shi Feng,female,A
Jordan Boyd-Graber,male,W_NL
Colin Cherry,male,B_NL
Greg Durrett,male,W_NL
George Foster,male,W_NL
Reza Haffari,male,A
Shahram Khadivi,male,A
Nanyun Peng,male,A
Xiang Ren,male,A
Swabha Swayamdipta,female,A
Varun Kumar,male,A
Hadrien Glaude,male,B_NL
Cyprien de Lichy,male,A
Wlliam Campbell,male,W_NL
Gil Rocha,male,HL
Henrique Lopes Cardoso,male,HL
Felipe Salvatore,male,HL
Marcelo Finger,male,HL
Roberto Hirata Jr,male,HL
Jeroen Van Hautte,male,A
Guy Emerson,male,W_NL
Marek Rei,male,A
Seth Ebner,male,W_NL
Felicity Wang,female,A
Benjamin Van Durme,male,W_NL
Jasdeep Singh,male,A
Bryan McCann,male,W_NL
Richard Socher,male,W_NL
Caiming Xiong,male,A
Xiaoman Pan,male,A
Thamme Gowda,male,A
Heng Ji,male,A
Jonathan May,male,W_NL
Scott Miller,male,W_NL
Yannis Papanikolaou,male,A
Ian Roberts,male,B_NL
Andrea Pierleoni,female,W_NL
Xiaofei Ma,female,A
Peng Xu,male,A
Zhiguo Wang,male,A
Ramesh Nallapati,male,A
Bing Xiang,male,A
Xiangkai Zeng,male,A
Sarthak Garg,male,A
Rajen Chatterjee,male,A
Udhyakumar Nallasamy,male,A
Matthias Paulik,male,W_NL
Avik Ray,male,A
Yilin Shen,female,A
Hongxia Jin,female,A
Marcel Bollmann,male,W_NL
Natalia Korchagina,female,HL
Anders Søgaard,male,W_NL
Mayur Patidar,male,A
Surabhi Kumari,female,A
Manasi Patwardhan,male,A
Shirish Karande,male,A
Puneet Agarwal,male,A
Lovekesh Vig,male,A
Gautam Shroff,male,A
Luke Melas-Kyriazi,male,W_NL
George Han,male,A
Celine Liang,female,A
He He,male,A
Sheng Zha,female,A
Haohan Wang,male,A
Jeremy Wohlwend,male,W_NL
Ethan R. Elenberg,male,W_NL
Sam Altschul,male,A
Shawn Henry,male,B_NL
Tao Lei,male,A
Shrey Desai,male,A
Hongyuan Zhan,male,A
Ahmed Aly,male,A
James Barry,male,W_NL
Joachim Wagner,male,W_NL
Jennifer Foster,female,W_NL
Tianqi Wang,male,A
Naoya Inoue,female,A
Hiroki Ouchi,female,A
Tomoya Mizumoto,female,A
Kentaro Inui,male,A
Somnath Basu Roy Chowdhury,male,A
Annervaz M,male,A
Ambedkar Dukkipati,male,A
James Route,male,B_NL
Steven Hillis,male,W_NL
Isak Czeresnia Etinger,male,B_NL
Han Zhang,male,A
Alan W Black,male,W_NL
Raphael Tang,male,A
Yao Lu,male,A
Jimmy Lin,male,A
Katharina Kann,female,A
Anhad Mohananey,male,A
Samuel R. Bowman,male,W_NL
Kyunghyun Cho,female,A
Anirudh Joshi,male,A
Timothy Baldwin,male,W_NL
Richard Sinnott,male,W_NL
Cecile Paris,female,B_NL
Farhad Nooralahzadeh,male,A
Jan Tore Lønning,male,W_NL
Lilja Øvrelid,female,A
Suma Reddy Duggenpudi,female,A
Kusampudi Siva Subrahamanyam Varma,male,A
Radhika Mamidi,female,A
Shuyan Zhou,female,A
Shruti Rijhwani,female,A
Graham Neubig,male,W_NL
Johannes Bjerva,male,W_NL
Katharina Kann,female,A
Isabelle Augenstein,female,W_NL
Lingjun Zhao,male,A
Rabih Zbib,male,A
Zhuolin Jiang,male,A
Damianos Karakos,male,W_NL
Zhongqiang Huang,male,A
Mostafa Abdou,male,A
Cezar Sas,male,A
Rahul Aralikatte,male,A
Isabelle Augenstein,female,W_NL
Anders Søgaard,male,W_NL
Kevin Blissett,male,W_NL
Heng Ji,male,A
Ke Tran,male,A
Arianna Bisazza,female,HL
Eben Holderness,male,W_NL
Antonio Jimeno Yepes,male,HL
Alberto Lavelli,male,HL
Anne-Lyse Minard,female,W_NL
James Pustejovsky,male,W_NL
Fabio Rinaldi,male,HL
Kristin Wright-Bettner,female,W_NL
Martha Palmer,female,B_NL
Guergana Savova,female,HL
Piet de Groen,male,A
Timothy Miller,male,W_NL
John-Jose Nunez,male,HL
Giuseppe Carenini,male,HL
Tuan Ngo Nguyen,male,A
Franck Dernoncourt,male,B_NL
Thien Huu Nguyen,male,A
Diya Li,female,A
Heng Ji,male,A
Marco Basaldella,male,HL
Nigel Collier,male,B_NL
Shang-Chi Tsai,female,A
Ting-Yun Chang,female,A
Yun-Nung Chen,female,A
Agnieszka Mykowiecka,female,W_NL
Malgorzata Marciniak,female,W_NL
Prasadith Kirinde Gamaarachchige,female,B_NL
Diana Inkpen,female,W_NL
Serena Jeblee,female,B_NL
Faiza Khan Khattak,male,A
Noah Crampton,male,W_NL
Muhammad Mamdani,male,A
Frank Rudzicz,male,W_NL
Sinchani Chakraborty,male,A
Sudeshna Sarkar,female,A
Pawan Goyal,male,A
Mahanandeeshwar Gattu,male,A
Elena Alvarez-Mellado,female,HL
Eben Holderness,male,W_NL
Nicholas Miller,male,W_NL
Fyonn Dhang,male,A
Philip Cawkwell,male,W_NL
Kirsten Bolton,female,W_NL
James Pustejovsky,male,W_NL
Mei-Hua Hall,female,B_NL
Hoang Van,male,A
Ahmad Musa,male,A
Hang Chen,female,A
Stephen Kobourov,male,W_NL
Mihai Surdeanu,male,A
Elsbeth Turcan,female,W_NL
Kathy McKeown,female,W_NL
Alexander Te-Wei Shieh,male,A
Yung-Sung Chuang,male,A
Shang-Yu Su,female,A
Yun-Nung Chen,female,A
Hanna Berg,female,W_NL
Taridzo Chomutare,male,A
Hercules Dalianis,male,B_NL
Wen-wai Yim,female,A
Ashley Mills,female,B_NL
Harold Chun,male,A
Teresa Hashiguchi,female,A
Justin Yew,male,A
Bryan Lu,male,A
Annika M Schoene,female,W_NL
George Lacey,male,W_NL
Alexander P Turner,male,B_NL
Nina Dethlefs,female,W_NL
Denis Newman-Griffis,male,W_NL
Eric Fosler-Lussier,male,B_NL
Isar Nejadgholi,male,A
Kathleen C. Fraser,female,W_NL
Berry De Bruijn,male,W_NL
Muqun Li,male,A
Astha LaPlante,female,A
Khaldoun Zine El Abidine,male,A
Matus Falis,male,W_NL
Maciej Pajak,male,W_NL
Aneta Lisowska,female,W_NL
Patrick Schrempf,male,W_NL
Lucas Deckers,male,W_NL
Shadia Mikhael,female,A
Sotirios Tsaftaris,male,A
Alison O’Neil,female,W_NL
Elena Sergeeva,female,HL
Henghui Zhu,male,A
Amir Tahmasebi,male,A
Peter Szolovits,male,W_NL
Simon Mille,male,B_NL
Anja Belz,female,W_NL
Bernd Bohnet,male,W_NL
Yvette Graham,female,B_NL
Leo Wanner,male,W_NL
Simon Mille,male,B_NL
Anja Belz,female,W_NL
Bernd Bohnet,male,W_NL
Yvette Graham,female,B_NL
Leo Wanner,male,W_NL
Wenchao Du,male,A
Alan W Black,male,W_NL
William Dyer,male,W_NL
Ádám Kovács,male,W_NL
Evelin Ács,female,HL
Judit Ács,female,W_NL
Andras Kornai,male,A
Gábor Recski,male,W_NL
Guy Lapalme,male,W_NL
Xiang Yu,male,A
Agnieszka Falenska,female,W_NL
Marina Haid,female,A
Ngoc Thang Vu,male,A
Jonas Kuhn,male,W_NL
Thiago Castro Ferreira,male,HL
Emiel Krahmer,male,W_NL
Farhood Farahnak,male,A
Laya Rafiee,female,A
Leila Kosseim,female,A
Thomas Fevens,male,W_NL
Kartikeya Upasani,male,A
David King,male,W_NL
Jinfeng Rao,male,A
Anusha Balakrishnan,female,A
Michael White,male,B_NL
Xudong Hong,male,A
Ernie Chang,male,A
Vera Demberg,female,W_NL
Alessandro Mazzei,male,HL
Valerio Basile,male,HL
Anastasia Shimorina,female,HL
Claire Gardent,female,B_NL
Marco Antonio Sobrevilla Cabezudo,male,HL
Simon Mille,male,B_NL
Thiago Pardo,male,HL
Aditya Mogadala,male,A
Dietrich Klakow,male,W_NL
Sandro Pezzelle,male,HL
Marie-Francine Moens,female,W_NL
Vardaan Pahuja,male,A
Jie Fu,male,A
Sarath Chandar,male,A
Christopher Pal,male,A
Alireza Mohammadshahi,male,A
Rémi Lebret,female,HL
Karl Aberer,male,W_NL
Sandro Pezzelle,male,HL
Raquel Fernández,male,HL
Yu-Hsiang Tseng,male,A
Shu-Kai Hsieh,female,A
Dalin Wang,male,A
Daniel Beck,male,W_NL
Trevor Cohn,male,W_NL
Koel Dutta Chowdhury,male,A
Desmond Elliott,male,B_NL
Benjamin Kolb,male,W_NL
Leon Lang,male,B_NL
Henning Bartsch,male,A
Arwin Gansekoele,male,A
Raymond Koopmanschap,male,W_NL
Leonardo Romor,male,HL
David Speck,male,W_NL
Mathijs Mul,male,A
Elia Bruni,female,HL
Sigrid Klerke,female,W_NL
Barbara Plank,female,W_NL
Abhinav Gupta,male,A
Ryan Lowe,male,W_NL
Jakob Foerster,male,W_NL
Douwe Kiela,male,A
Joelle Pineau,female,W_NL
Andrei Popescu-Belis,male,W_NL
Sharid Loáiciga,female,HL
Christian Hardmeier,male,W_NL
Deyi Xiong,male,A
Ekaterina Lapshinova-Koltunski,female,W_NL
Cristina España-Bonet,female,HL
Josef van Genabith,male,W_NL
Eva Martínez Garcia,female,HL
Carles Creus,male,HL
Cristina España-Bonet,female,HL
Yunsu Kim,female,A
Duc Thanh Tran,male,A
Hermann Ney,male,W_NL
Amane Sugiyama,female,A
Naoki Yoshinaga,female,A
Takumi Ohtani,female,A
Hidetaka Kamigaito,female,A
Masaaki Nagata,female,A
Manabu Okumura,male,A
Yves Scherrer,male,B_NL
Jörg Tiedemann,male,W_NL
Sharid Loáiciga,female,HL
James Thorne,male,W_NL
Andreas Vlachos,male,W_NL
Oana Cocarascu,female,A
Christos Christodoulopoulos,male,W_NL
Arpit Mittal,male,A
James Thorne,male,W_NL
Andreas Vlachos,male,W_NL
Oana Cocarascu,female,A
Christos Christodoulopoulos,male,W_NL
Arpit Mittal,male,A
Aleksander Wawer,male,W_NL
Grzegorz Wojdyga,male,W_NL
Justyna Sarzyńska-Wawer,female,W_NL
Wei Fang,male,A
Moin Nadeem,male,A
Mitra Mohtarami,female,A
James Glass,male,W_NL
Piotr Niewinski,male,W_NL
Maria Pszona,female,HL
Maria Janicka,female,HL
Alireza Mohammadshahi,male,A
Rémi Lebret,female,HL
Karl Aberer,male,W_NL
Martin Andrews,male,W_NL
Sam Witteveen,male,W_NL
Ryan Clancy,male,W_NL
Ihab F. Ilyas,male,A
Jimmy Lin,male,A
Seong Sik Park,male,A
Harksoo Kim,female,A
Mayank Jobanputra,male,A
Keshav Singh,male,A
Paul Reisert,male,W_NL
Naoya Inoue,female,A
Pride Kavumba,male,A
Kentaro Inui,male,A
Wai-Howe Khong,male,A
Lay-Ki Soon,female,A
Hui-Ngo Goh,male,A
Anton Chernyavskiy,male,W_NL
Dmitry Ilvovsky,male,W_NL
Chris Stahlhut,male,W_NL
Lucas Azevedo,male,HL
Mohamed Moustafa,male,A
Youngwoo Kim,female,A
James Allan,male,W_NL
Dominik Stammbach,male,W_NL
Guenter Neumann,male,W_NL
Aimée Alonso-Reina,female,HL
Robiert Sepúlveda-Torres,male,HL
Estela Saquete,female,HL
Manuel Palomar,male,HL
